"id","name","agency","genres","image_url","popularity","songkick_id","spotify_url","spotify_id","spotify_followers"
3,"Alesso","WME","big room, dance pop, edm, electro house, pop, progressive electro house, tropical house","https://i.scdn.co/image/021f014a6809e5b7f1ef1c18bf247fd9ccacb193",81,4329851,"https://open.spotify.com/artist/4AVFqumd2ogHFlRbKIjp1t","4AVFqumd2ogHFlRbKIjp1t",2296228
4,"Adam Beyer","WME","house, minimal techno, schranz, tech house, techno","https://i.scdn.co/image/1030d6e68eb67ff57d4ee04121d3450ec35e9d14",54,173218,"https://open.spotify.com/artist/1btv9qmIpbp7q1ixCYNdHu","1btv9qmIpbp7q1ixCYNdHu",128307
5,"Adam Beyer","WME","house, minimal techno, schranz, tech house, techno","https://i.scdn.co/image/1030d6e68eb67ff57d4ee04121d3450ec35e9d14",54,173218,"https://open.spotify.com/artist/1btv9qmIpbp7q1ixCYNdHu","1btv9qmIpbp7q1ixCYNdHu",128307
6,"AlunaGeorge","WME","electropop, house, indie r&b, indietronica, pop, tropical house","https://i.scdn.co/image/2cb91f6664f67d9bce335abd4bbf4a73a7ed9af3",71,3909671,"https://open.spotify.com/artist/2VAnyOxzJuSAj7XIuEOT38","2VAnyOxzJuSAj7XIuEOT38",326986
7,"Afrojack","WME","big room, dance pop, deep big room, dutch house, edm, electro house, pop, progressive electro house, progressive house, tropical house","https://i.scdn.co/image/bec25756309b1f7af565252f78709d69a8f11974",75,2479031,"https://open.spotify.com/artist/4D75GcNG95ebPtNvoNVXhz","4D75GcNG95ebPtNvoNVXhz",2309822
8,"Apster","WME","big room, dutch house","https://i.scdn.co/image/97ac608af943e1f01488aa38da85882cb58e7029",40,3494066,"https://open.spotify.com/artist/0bi8sypegPFiP6Rd9gdkyz","0bi8sypegPFiP6Rd9gdkyz",4236
9,"Annie Lennox","WME","folk, folk-pop, lilith, mellow gold, new wave pop, pop rock, scottish new wave, soft rock","https://i.scdn.co/image/fb1b39783fdc9625bcba0837e7da9882969eaa03",63,2476291,"https://open.spotify.com/artist/5MspMQqdVbdwP6ax3GXqum","5MspMQqdVbdwP6ax3GXqum",437122
10,"Bag Raiders","WME","alternative dance, australian dance, filter house, indietronica","https://i.scdn.co/image/da28b5d29dc75072d83b5892ea3db97926cbe914",60,975813,"https://open.spotify.com/artist/6fXEqmGQEt6ONuqVmwrN46","6fXEqmGQEt6ONuqVmwrN46",136557
11,"Basement Jaxx","WME","alternative dance, big beat, dance pop, disco house, electronic, new rave, uk garage, vocal house","https://i.scdn.co/image/4c74994e83cacb4ee9b5fce6d6dcbe937b8642e6",59,44913,"https://open.spotify.com/artist/4YrKBkKSVeqDamzBPWVnSJ","4YrKBkKSVeqDamzBPWVnSJ",249350
12,"BAYNK","WME","aussietronica, electropop, indie poptimism, tropical house, vapor soul","https://i.scdn.co/image/6405fd617f1f99516c6577dd707e34784377683a",60,8685484,"https://open.spotify.com/artist/28yVvEvA2lT3K5RNIhV1Dj","28yVvEvA2lT3K5RNIhV1Dj",26214
13,"Ben Nicky","WME","progressive uplifting trance, uplifting trance","https://i.scdn.co/image/fa65f6fcd9924e85222268af9ececbf92e88d4cd",45,1403293,"https://open.spotify.com/artist/3Bd1phrOZJuCev9U0bzdtA","3Bd1phrOZJuCev9U0bzdtA",18730
14,"Björk","WME","alternative dance, art pop, chamber pop, electronic, electropop, experimental pop, folk-pop, icelandic pop, metropopolis, permanent wave, pop rock, trip hop","https://i.scdn.co/image/5001ca3c3cd95734aac7320d2199b9b515595375",63,492728,"https://open.spotify.com/artist/7w29UYBi0qsHi5RTcv3lmA","7w29UYBi0qsHi5RTcv3lmA",803225
15,"Black Coffee","WME","afro house, deep house, kwaito house","https://i.scdn.co/image/db715976679d76f7c79c54c0f97c72c5637ed155",65,421804,"https://open.spotify.com/artist/6wMr4zKPrrR0UVz08WtUWc","6wMr4zKPrrR0UVz08WtUWc",155714
16,"Borgore","WME","bass trap, brostep, dubstep, edm, electro house, electronic trap","https://i.scdn.co/image/267a9d296e20115ef8285ef7909751cd1f2ca6d8",61,2426086,"https://open.spotify.com/artist/7u160I5qtBYZTQMLEIJmyz","7u160I5qtBYZTQMLEIJmyz",441822
17,"Bobby Burns","WME","progressive electro house","https://i.scdn.co/image/ca5b044709cf6016ca14c9fae7c4ccfc77f6d62f",23,947596,"https://open.spotify.com/artist/0FhsW40UydsdpNcKlkJEKC","0FhsW40UydsdpNcKlkJEKC",1558
18,"Booka Shade","WME","electronic, german techno, microhouse, minimal techno, tech house","https://i.scdn.co/image/8c0fbe0fb1c86825adeb18bf0a019a22827c4422",51,295932,"https://open.spotify.com/artist/2CKaDZ1Yo8YnWega9IeUzB","2CKaDZ1Yo8YnWega9IeUzB",113010
19,"Calvin Harris","WME","edm, electro house, house, pop, progressive house","https://i.scdn.co/image/7b4c05bee8c822c006b372e26ef1b08acc3af45a",90,82547,"https://open.spotify.com/artist/7CajNmpbOovFoOoasH2HaY","7CajNmpbOovFoOoasH2HaY",13691351
20,"Charlotte de Witte","WME","minimal techno, tech house","https://i.scdn.co/image/d114011ed9245d86184e7f6a1ccf1de9f9bb3e24",48,8805714,"https://open.spotify.com/artist/1lJhME1ZpzsEa5M0wW6Mso","1lJhME1ZpzsEa5M0wW6Mso",62993
21,"Chase Rice","WME","contemporary country, country, country road, modern country rock, redneck","https://i.scdn.co/image/b1d5172813916a80dd5fa3ba4a0ec281e9c62d48",67,3002876,"https://open.spotify.com/artist/6pBNfggcZZDCmb0p92OnGn","6pBNfggcZZDCmb0p92OnGn",469066
22,"Chris Lake","WME","big room, brazilian electronica, brostep, deep groove house, disco house, edm, electro house, electronic trap, house, melbourne bounce, progressive electro house, progressive house, tech house, tropical house","https://i.scdn.co/image/b5a5ac37867b209a77e5448152b2861e1ff0a333",65,211161,"https://open.spotify.com/artist/5Igpc9iLZ3YGtKeYfSrrOE","5Igpc9iLZ3YGtKeYfSrrOE",77561
23,"Chuckie","WME","big room, deep big room, dutch house, edm, electro house, house, melbourne bounce, progressive electro house","https://i.scdn.co/image/1cbc13e4131461d8631d527c955ba83dddde099d",51,937055,"https://open.spotify.com/artist/4x7gxsrTH3gThvSKZPPwaQ","4x7gxsrTH3gThvSKZPPwaQ",100998
24,"CID","WME","big room, deep big room, deep groove house, edm, electro house, house, progressive electro house, progressive house, tropical house, tropical pop edm","https://i.scdn.co/image/eb955139baf406a2b89eb44c1359db1d238d016a",68,179311,"https://open.spotify.com/artist/4FCzCS0KEgb0rgySWINItO","4FCzCS0KEgb0rgySWINItO",43290
25,"Claptone","WME","deep disco house, german techno, house, progressive house, tropical house","https://i.scdn.co/image/8bd420e28c2b99b9fe7d3f4bc931c681c42d4ae1",64,5384948,"https://open.spotify.com/artist/4mncDFjVLUa3s025Tct3Ry","4mncDFjVLUa3s025Tct3Ry",166827
26,"Cristoph","WME","deep disco house, deep house, deep melodic euro house, house, minimal tech house, progressive house, tech house, tribal house","https://i.scdn.co/image/dacdfb9df119c14609d67ef0a128411c85b252c6",47,8417318,"https://open.spotify.com/artist/532SqCIYmJyXEdEiCJLgYG","532SqCIYmJyXEdEiCJLgYG",14609
27,"D-wayne","WME","deep big room","https://i.scdn.co/image/12d5eb6a8157481eef038cf3682bb8d8e8399481",36,597972,"https://open.spotify.com/artist/7s8qj3Bzbzoyw1t1y88GuX","7s8qj3Bzbzoyw1t1y88GuX",4754
28,"deadmau5","WME","big room, edm, electro house, progressive house","https://i.scdn.co/image/86e8991077d6ce237be8f24dbc65e90f2e1f2a43",70,244669,"https://open.spotify.com/artist/2CIMQHirSU0MQqyYHq0eOx","2CIMQHirSU0MQqyYHq0eOx",2093091
29,"Daniel Avery","WME","chamber psych, electronic, float house, microhouse, minimal techno, shiver pop, tech house","https://i.scdn.co/image/d4a72af98f3f47431f5fe211f388a89d47f464a5",47,4913413,"https://open.spotify.com/artist/1EULJuDFWpZ9xg4YwtUGGt","1EULJuDFWpZ9xg4YwtUGGt",44135
30,"Deorro","WME","big room, dance pop, edm, electro house, melbourne bounce, pop, progressive electro house, tropical house","https://i.scdn.co/image/476809dfd990e91adb7c33c0981e1c7e9b073ec2",71,5817944,"https://open.spotify.com/artist/6VD4UEUPvtsemqD3mmTqCR","6VD4UEUPvtsemqD3mmTqCR",765840
31,"Disciples","WME","deep groove house, disco house, edm, house, tropical house","https://i.scdn.co/image/4e04fe99fb10d9894df908d54f0fdb150a54f831",67,348703,"https://open.spotify.com/artist/5EehXjjMktLuJmbRsM7YfB","5EehXjjMktLuJmbRsM7YfB",135847
32,"Don Diablo","WME","big room, dance pop, edm, electro house, pop, progressive electro house, progressive house, tropical house","https://i.scdn.co/image/8e300462ea539531b1640897fed77380cb7e14e0",75,290562,"https://open.spotify.com/artist/1l2ekx5skC4gJH8djERwh1","1l2ekx5skC4gJH8djERwh1",1131293
33,"DJ Shadow","WME","big beat, downtempo, electronic, hip hop, trip hop, turntablism","https://i.scdn.co/image/2347b7d9f58d13bf6bb7dd85fb6e4f7b01fcdb2d",62,384058,"https://open.spotify.com/artist/5CE2IfdYZEQGIDsfiRm8SI","5CE2IfdYZEQGIDsfiRm8SI",277429
34,"Emmit Fenn","WME","indie poptimism, vapor soul","https://i.scdn.co/image/9dfa19df8fae821a9442a68e522d075047ad840c",57,9366384,"https://open.spotify.com/artist/3VVLqeEqQQqTgT8YhfY9Z6","3VVLqeEqQQqTgT8YhfY9Z6",42419
35,"Eric Prydz","WME","big room, disco house, edm, electro house, house, progressive electro house, progressive house, vocal house","https://i.scdn.co/image/7d52f298235cc6ddbbb14a66f546e00b2eb19c34",65,315347,"https://open.spotify.com/artist/5sm0jQ1mq0dusiLtDJ2b4R","5sm0jQ1mq0dusiLtDJ2b4R",251624
36,"Jimmy Durante","WME","adult standards, cabaret, christmas, easy listening, lounge, swing, vocal jazz","https://i.scdn.co/image/e20b2a066e4b232fbf265a9db2952c550305fd02",46,8300138,"https://open.spotify.com/artist/5FNHfTn3yzVpqdUyWwej0v","5FNHfTn3yzVpqdUyWwej0v",33508
37,"Fatboy Slim","WME","big beat, electronic","https://i.scdn.co/image/32376373e766c2676521d221624642a1708debfc",66,371111,"https://open.spotify.com/artist/4Y7tXHSEejGu1vQ9bwDdXW","4Y7tXHSEejGu1vQ9bwDdXW",511424
38,"Feed Me","WME","brostep, catstep, complextro, edm, electro house, filthstep","https://i.scdn.co/image/8587580e1e5a8d09177ca54739b7ed98ee0b8f9c",55,1325067,"https://open.spotify.com/artist/5FWi1mowu6uiU2ZHwr1rby","5FWi1mowu6uiU2ZHwr1rby",269449
39,"Felix Jaehn","WME","dance pop, edm, pop, tropical house","https://i.scdn.co/image/6d3d2088793fd225bfa77f320cece834d1809805",75,8215258,"https://open.spotify.com/artist/4bL2B6hmLlMWnUEZnorEtG","4bL2B6hmLlMWnUEZnorEtG",685860
40,"Frank Walker","WME","tropical pop edm","https://i.scdn.co/image/970028bd5058c39d1bae3fefef7ff90d9f043574",55,8117713,"https://open.spotify.com/artist/6rcE30MaP92XafelMNZ2Sq","6rcE30MaP92XafelMNZ2Sq",23132
41,"Galantis","WME","big room, dance pop, edm, electro house, pop, tropical house","https://i.scdn.co/image/5f57c69e2c34edb9847af7ada2e67449d1754df1",76,7688239,"https://open.spotify.com/artist/4sTQVOfp9vEMCemLw50sbu","4sTQVOfp9vEMCemLw50sbu",2224824
42,"Gareth Emery","WME","big room, edm, progressive electro house, progressive house, progressive trance, trance, uplifting trance","https://i.scdn.co/image/a87e328feafc86911fd3da414d741329fa24c9e0",61,593623,"https://open.spotify.com/artist/0hprEC0nsWuQPSHag1O2Vi","0hprEC0nsWuQPSHag1O2Vi",154148
43,"George FitzGerald","WME","bass music, future garage","https://i.scdn.co/image/b8ea90b7df65f54aeb3b080d855dcd2327703e96",60,2971456,"https://open.spotify.com/artist/3KOHpygRuo1ruQAbEneR3t","3KOHpygRuo1ruQAbEneR3t",58036
44,"Goldfrapp","WME","alternative dance, art pop, big beat, chamber pop, chamber psych, dance pop, dance-punk, electroclash, electronic, electropop, folk-pop, indietronica, neo-synthpop, new rave, new wave pop, pop rock, trip hop","https://i.scdn.co/image/4224df3fe879a0527199e43e57911d9e9e336c87",57,254413,"https://open.spotify.com/artist/5BKsn7SCN2XmbF7apdCpRS","5BKsn7SCN2XmbF7apdCpRS",276644
45,"Glowie","WME","icelandic pop","https://i.scdn.co/image/7a7f6229ff8e24a414c9db2039043e1935d56dfb",25,8697958,"https://open.spotify.com/artist/303SwmjLibkh8OJH5xxZOM","303SwmjLibkh8OJH5xxZOM",1647
46,"Groove Armada","WME","big beat, disco house, electronic, nu jazz, nu skool breaks, trip hop","https://i.scdn.co/image/d92b07becc4f9146722ed7cca9121a862267ddc1",60,71147,"https://open.spotify.com/artist/67tgMwUfnmqzYsNAtnP6YJ","67tgMwUfnmqzYsNAtnP6YJ",296514
47,"Guy Gerber","WME","deep melodic euro house, microhouse, minimal tech house, minimal techno, tech house","https://i.scdn.co/image/675db84236f1b8cc9e8cc605d11ef55c2713f082",42,343251,"https://open.spotify.com/artist/3bqBkAzdPwEDe1JUvb7ZeC","3bqBkAzdPwEDe1JUvb7ZeC",38496
48,"Hermitude","WME","aussietronica, australian dance, australian hip hop, deep australian indie, downtempo, edm, electronic trap, escape room","https://i.scdn.co/image/e51908331d69c213c885b119bc37748c75757ce8",59,332164,"https://open.spotify.com/artist/3fmMaLC5jjf2N4EC2kTx0u","3fmMaLC5jjf2N4EC2kTx0u",189266
49,"Holy Ghost!","WME","alternative dance, chillwave, dance-punk, filter house, indie psych-rock, indietronica, neo-synthpop, new rave, nu disco, shimmer pop","https://i.scdn.co/image/c427a337a78206317fe7ab42f44e2fbc194f52bd",47,272953,"https://open.spotify.com/artist/2Vhc7Y0Kc6HzMC6glKM4h6","2Vhc7Y0Kc6HzMC6glKM4h6",68918
50,"Icarus","WME","deep groove house, house","https://i.scdn.co/image/cce8712b28add2e1599a25bdf48e408505b6b55b",54,281343,"https://open.spotify.com/artist/0nUF7iT0e6D5xEl743Jfu3","0nUF7iT0e6D5xEl743Jfu3",16419
51,"Hot Since 82","WME","deep disco house, deep groove house, deep house, house, minimal tech house, tech house","https://i.scdn.co/image/d64799fbc8e7557cb917e32108a6a29b3472b8f3",52,5101163,"https://open.spotify.com/artist/1tRBmMtER4fGrzrt8O9VpS","1tRBmMtER4fGrzrt8O9VpS",111083
52,"Iglooghost","WME","escape room, indie r&b, vaporwave, wonky","https://i.scdn.co/image/6423845453d217c4d29e7a36a7deffffd6cc855b",46,8144793,"https://open.spotify.com/artist/7LCDnUQYE07fnKbo46SVLB","7LCDnUQYE07fnKbo46SVLB",27182
53,"Farley ""Jackmaster"" Funk","WME","acid house, chicago house, hip house","https://i.scdn.co/image/c8b55afcbfbe87b4e6a178c5bbe8c220c07336c3",25,176493,"https://open.spotify.com/artist/0B9P7RXrukgIdmutz9XMVN","0B9P7RXrukgIdmutz9XMVN",5426
54,"Jay Hardway","WME","big room, deep big room, edm, electro house, house, progressive electro house, progressive house, tropical house, tropical pop edm","https://i.scdn.co/image/9112e315a5c57abcf74bd1825525ffe1d5b992d8",63,7685974,"https://open.spotify.com/artist/12SPNXi0aDpFt0rMVbmLrr","12SPNXi0aDpFt0rMVbmLrr",226677
55,"Jean-Michel Jarre","WME","electronic, laboratorio, new romantic, new wave, vintage french electronic","https://i.scdn.co/image/b52c1d09b0fb64ab4a88b84f3166dc5886826be1",57,266428,"https://open.spotify.com/artist/5MhLmv7GgyjbxGqiIGasvT","5MhLmv7GgyjbxGqiIGasvT",213513
56,"Joris Voorn","WME","microhouse, minimal techno, tech house, techno","https://i.scdn.co/image/7fcaab5c872381f5900d16d4ff69889c7c01887b",49,525746,"https://open.spotify.com/artist/4jGpKAmwvU263l0tUh4xKU","4jGpKAmwvU263l0tUh4xKU",64162
57,"Joseph Capriati","WME","deep minimal techno, minimal techno, tech house, techno","https://i.scdn.co/image/6733381099178c59620eafea714712eb5ee9182f",41,708120,"https://open.spotify.com/artist/7onsqSWPufMm5ZnUCECDpf","7onsqSWPufMm5ZnUCECDpf",86819
58,"Justice","WME","alternative dance, dance-punk, electro house, electronic, filter house, indietronica, new rave","https://i.scdn.co/image/58d9c87c082d3af6f8ea8dc7ac44dd3823280b45",65,301499,"https://open.spotify.com/artist/1gR0gsQYfi6joyO1dlp76N","1gR0gsQYfi6joyO1dlp76N",710877
59,"Kap Slap","WME","tropical pop edm","https://i.scdn.co/image/3a7be291d88a8288b95abe4bae9a7f44d156e040",46,4283996,"https://open.spotify.com/artist/1yRxS3CXYM7s6amlkEmozI","1yRxS3CXYM7s6amlkEmozI",28790
60,"Kayzo","WME","brostep, catstep, edm, electro house, electronic trap","https://i.scdn.co/image/0d5f1c1c5542091532217933e072ac1e8932f901",60,6809669,"https://open.spotify.com/artist/72iCiKwu6nu6Qq9emIwzYv","72iCiKwu6nu6Qq9emIwzYv",70809
61,"Kidswaste","WME","indie poptimism, vapor soul","https://i.scdn.co/image/5a5476937a822d5d60893852f74373b2cd777b49",55,8878804,"https://open.spotify.com/artist/4aCkc4HrwC4Dopig7RELoH","4aCkc4HrwC4Dopig7RELoH",17373
62,"Kygo","WME","edm, pop, tropical house","https://i.scdn.co/image/1caaca2be637b0c56bb0ede637e36a8bcca149d1",86,7738429,"https://open.spotify.com/artist/23fqKkggKUBHNkbKtXEls4","23fqKkggKUBHNkbKtXEls4",3825148
63,"Leftfield","WME","acid house, big beat, breakbeat, downtempo, electronic, hardcore techno, trip hop","https://i.scdn.co/image/baa22e9e0e3b9400ebf715c0b075ed107235af9f",47,17885,"https://open.spotify.com/artist/72hqBMsw7x5jnfxxwkii8L","72hqBMsw7x5jnfxxwkii8L",91589
64,"Lido","WME","indie r&b, norwegian hip hop, norwegian pop, vapor twitch","https://i.scdn.co/image/5c9c61fe38f1123f775a892d4955fe6c4c0ba03f",60,302510,"https://open.spotify.com/artist/1aSwrSGBNGMLn9ymttfRkk","1aSwrSGBNGMLn9ymttfRkk",80312
65,"Lost Kings","WME","dance pop, deep tropical house, edm, electro house, indie poptimism, pop, tropical house","https://i.scdn.co/image/88bf8da8f895e8ff9027bce098f50c460a60efca",70,6375954,"https://open.spotify.com/artist/3hyEbRtp617pNCuuQjyOmc","3hyEbRtp617pNCuuQjyOmc",94067
66,"Loud Luxury","WME","edm, tropical house","https://i.scdn.co/image/504549a69a84517c1158e47cf727be9307a99044",81,5862829,"https://open.spotify.com/artist/6t1gpxYbY8OlLA7D2RiikQ","6t1gpxYbY8OlLA7D2RiikQ",42906
67,"M.I.A.","WME","dance pop, escape room, new rave, pop","https://i.scdn.co/image/31ef1aaf80f623deaeda9c8d5a4074b7f8b34516",69,493293,"https://open.spotify.com/artist/0QJIPDAEDILuo8AIq3pMuU","0QJIPDAEDILuo8AIq3pMuU",717358
68,"Mako","WME","big room, deep tropical house, edm, electro house, indie poptimism, progressive electro house, tropical house","https://i.scdn.co/image/5445f2f3243b9a33fb6b24ee61f7621f51030060",70,281441,"https://open.spotify.com/artist/0Ye4nfYAA91T1X56gnlXAA","0Ye4nfYAA91T1X56gnlXAA",71626
69,"Madeon","WME","big room, complextro, edm, electro house, electropop, filter house","https://i.scdn.co/image/0f7ac71d433dec24ec02024825af7b4f137847fe",62,4660573,"https://open.spotify.com/artist/4pb4rqWSoGUgxm63xmJ8xc","4pb4rqWSoGUgxm63xmJ8xc",403801
70,"Malaa","WME","brostep, edm, electro house, electronic trap, house","https://i.scdn.co/image/6fe6f055cc5cd2ec0c2950b238128371d6368e0e",57,8673349,"https://open.spotify.com/artist/7w1eTNePApzDk8XtgykCPS","7w1eTNePApzDk8XtgykCPS",77303
71,"Martin Buttrich","WME","german techno, microhouse, minimal tech house, minimal techno, tech house","https://i.scdn.co/image/f49cc37a74b52c823cdeed93f290f1dd49b79308",36,582374,"https://open.spotify.com/artist/2bP72uOaVvJ2syINURI42n","2bP72uOaVvJ2syINURI42n",12411
72,"Martin Garrix","WME","big room, edm, pop, progressive house, tropical house","https://i.scdn.co/image/990f17c31b1cb4b4b2bc7b3d4780e2c9fd3a846a",87,5003643,"https://open.spotify.com/artist/60d24wfXkVzDSfLS6hyCjZ","60d24wfXkVzDSfLS6hyCjZ",7617950
73,"Maya Jane Coles","WME","deep disco house, deep house, house, microhouse, minimal tech house, tech house","https://i.scdn.co/image/9109d918a8c139a45f31ef25c8bf5ef95b22f08a",55,646004,"https://open.spotify.com/artist/6TshTCYwh9ySzOO6Jy4Ux2","6TshTCYwh9ySzOO6Jy4Ux2",143232
74,"Massive Attack","WME","downtempo, electronic, trip hop","https://i.scdn.co/image/c8bbeedb05f38ae5cb982a7daf4bf7129cca892c",67,546131,"https://open.spotify.com/artist/6FXMGgJwohJLUSr5nVlf9X","6FXMGgJwohJLUSr5nVlf9X",974147
75,"M.I.A.","WME","dance pop, escape room, new rave, pop","https://i.scdn.co/image/31ef1aaf80f623deaeda9c8d5a4074b7f8b34516",69,493293,"https://open.spotify.com/artist/0QJIPDAEDILuo8AIq3pMuU","0QJIPDAEDILuo8AIq3pMuU",717358
76,"Kölsch","WME","minimal techno, tech house, tropical house","https://i.scdn.co/image/701b346584d1dd4a01edcca5e6837c6cb55e268c",58,3861696,"https://open.spotify.com/artist/2D9Oe8R9UhbMvFAsMJpXj0","2D9Oe8R9UhbMvFAsMJpXj0",100343
77,"Michael W. Smith","WME","ccm, christian alternative rock, christian music, christian rock, world worship, worship","https://i.scdn.co/image/3708bb38da696479c22a6f0e88345750c8d9d348",61,268653,"https://open.spotify.com/artist/5aBxFPaaGk9204ssHUvXWN","5aBxFPaaGk9204ssHUvXWN",201951
78,"Alok","WME","electro house","https://i.scdn.co/image/cd1eff641cd4658d6b884820de6832893fa99000",79,4646863,"https://open.spotify.com/artist/0NGAZxHanS9e0iNHpR8f2W","0NGAZxHanS9e0iNHpR8f2W",4495561
79,"Michael Brun","WME","big room, edm, progressive electro house","https://i.scdn.co/image/ab4e286f78b9b10507708cb2f1ce5ceae49602e5",61,4714098,"https://open.spotify.com/artist/1HcAkAeL4xf02wzAnl7mIV","1HcAkAeL4xf02wzAnl7mIV",24121
80,"Miike Snow","WME","alternative dance, dance-punk, electropop, indie pop, indie rock, indietronica, modern rock, new rave, shimmer pop, swedish electropop, swedish indie pop, swedish synthpop","https://i.scdn.co/image/b3944378d08ba28b16c494cc7f63703175169251",63,2391223,"https://open.spotify.com/artist/4l1cKWYW591xnwEGxpUg3J","4l1cKWYW591xnwEGxpUg3J",464937
81,"Museum Of Love","WME","etherpop, gauze pop","https://i.scdn.co/image/dfc4bf71d56ce85c3565ca941c175a925f0b3aef",21,7063309,"https://open.spotify.com/artist/2nIzOTNOvPxPlgzB4GQHPc","2nIzOTNOvPxPlgzB4GQHPc",2891
82,"NERO","WME","brostep, drum and bass, edm, electro house","https://i.scdn.co/image/02c87a6ce8c51f4a9f2198ab870169597f3e99ca",59,53462,"https://open.spotify.com/artist/4uRYpUQZrNrY5t8tAv3XrD","4uRYpUQZrNrY5t8tAv3XrD",656561
83,"No Mana","WME","complextro, edm, electro house, progressive house","https://i.scdn.co/image/8b9571ab2156cd6af10677fd69444735dbbe8b71",42,8594189,"https://open.spotify.com/artist/20yuGdfbRkW0HH3OfG1Nkg","20yuGdfbRkW0HH3OfG1Nkg",17798
84,"NERVO","WME","australian dance, big room, dance pop, deep big room, edm, electro house, house, progressive electro house, progressive house","https://i.scdn.co/image/37449ac5ef413d87861fd58e75709d2143ffbba6",63,1118443,"https://open.spotify.com/artist/4j5KBTO4tk7up54ZirNGvK","4j5KBTO4tk7up54ZirNGvK",525229
85,"Netsky","WME","drum and bass, liquid funk","https://i.scdn.co/image/3df0b32c15a1dafc37644ab0332b9d0f1f114462",64,2884896,"https://open.spotify.com/artist/5TgQ66WuWkoQ2xYxaSTnVP","5TgQ66WuWkoQ2xYxaSTnVP",305650
86,"Orbital","WME","acid house, big beat, breakbeat, drum and bass, electronic, hardcore techno, intelligent dance music, trip hop","https://i.scdn.co/image/9b33ab9dad9be8d90c896c6d9642318d2d1e3a25",54,271609,"https://open.spotify.com/artist/3csPCeXsj2wezyvkRFzvmV","3csPCeXsj2wezyvkRFzvmV",133549
87,"Oneohtrix Point Never","WME","ambient, art pop, art rock, bass music, chamber psych, chillwave, compositional ambient, dream pop, drone, electronic, escape room, experimental, experimental pop, experimental rock, fluxwork, fourth world, freak folk, hauntology, indie r&b, indietronica, intelligent dance music, mandible, microhouse, neo-psychedelic, noise pop, noise rock, outsider house, post-rock, vaporwave, wonky","https://i.scdn.co/image/e6d52082eaf5384a035ea0b87e176d65fcad4e9c",51,2437906,"https://open.spotify.com/artist/2wPDbhaGXCqROrVmwDdCrK","2wPDbhaGXCqROrVmwDdCrK",74361
88,"Paper Diamond","WME","glitch hop","https://i.scdn.co/image/9d65cf530372cebac4e2326310bf528095a38ec8",31,3786646,"https://open.spotify.com/artist/70YdZdpRWH0JNQc8ABCiAU","70YdZdpRWH0JNQc8ABCiAU",24312
89,"Peggy Gou","WME","chicago house, deep house, float house","https://i.scdn.co/image/56a60dc559ac3a0f2bd66e419c42d0d45e0ae157",51,8676764,"https://open.spotify.com/artist/2mLA48B366zkELXYx7hcDN","2mLA48B366zkELXYx7hcDN",47838
90,"Espinoza Paz","WME","banda, grupera, norteno, ranchera, regional mexican","https://i.scdn.co/image/e6d83b4c5689784858a02fc82dbd9a7b1653809e",64,102283,"https://open.spotify.com/artist/01rgao9OzfBm2BOHWJpi1Y","01rgao9OzfBm2BOHWJpi1Y",753453
91,"Pet Shop Boys","WME","art pop, dance pop, dance rock, europop, new romantic, new wave, new wave pop, permanent wave, synthpop","https://i.scdn.co/image/31f687d07947ecb10d8b8cdfe16db074cc1c87e7",67,550013,"https://open.spotify.com/artist/2ycnb8Er79LoH2AsR5ldjh","2ycnb8Er79LoH2AsR5ldjh",633592
92,"Paris Hilton","WME","dance pop, post-teen pop, strut","https://i.scdn.co/image/37dc3f652612336fda4617854b9371109602ff32",47,502783,"https://open.spotify.com/artist/1vkJFCwstOoJO7yQ4lTtLK","1vkJFCwstOoJO7yQ4lTtLK",224091
93,"Plastikman","WME","acid house, acid techno, detroit techno, dub techno, electronic, intelligent dance music, microhouse, minimal techno, tech house, techno","https://i.scdn.co/image/11bb080b67b65597026ba4f38c9ed9000bec6a5c",35,493466,"https://open.spotify.com/artist/7GoFQNOTX0suC6Tn59qx8n","7GoFQNOTX0suC6Tn59qx8n",41734
94,"Pete Tong","WME","disco house, electronic","https://i.scdn.co/image/ca2d19b6229417a4292cf8dbf44e9f07b71abfb9",52,508028,"https://open.spotify.com/artist/6n1t55WMsSIUFHrAL4mUsB","6n1t55WMsSIUFHrAL4mUsB",113608
95,"Porter Robinson","WME","big room, brostep, complextro, edm, electro house, pop, progressive electro house","https://i.scdn.co/image/e17cf58b24225d6721c8995bb7e9bcee88edc1e7",64,3821916,"https://open.spotify.com/artist/3dz0NnIZhtKKeXZxLOxCam","3dz0NnIZhtKKeXZxLOxCam",594046
96,"Richie Hawtin","WME","detroit techno, microhouse, minimal techno, tech house, techno","https://i.scdn.co/image/ed149b9c3ef4ea200c9d2e110ae5370a49a3bfbd",38,146504,"https://open.spotify.com/artist/3AhwIUus3pIaA3CvYBEtpy","3AhwIUus3pIaA3CvYBEtpy",139692
97,"Sam Feldt","WME","dance pop, deep tropical house, edm, electro house, pop, tropical house","https://i.scdn.co/image/62e52a4d9e1c9cdb7dc906d3b72eb2866f7f3f8a",73,8386078,"https://open.spotify.com/artist/20gsENnposVs2I4rQ5kvrf","20gsENnposVs2I4rQ5kvrf",281246
98,"Robert DeLong","WME","indie pop, indietronica, modern alternative rock, modern rock","https://i.scdn.co/image/ccaa5e2084831469f114e83f0772a53002d0a6da",55,1022209,"https://open.spotify.com/artist/42crL07E4WPfVovyUtMpvC","42crL07E4WPfVovyUtMpvC",81863
99,"Savoy","WME","brostep, catstep, chillstep, complextro, edm, electro house, tracestep","https://i.scdn.co/image/23ac87f1b81fea3f9008a25533994ab6b106c451",44,540974,"https://open.spotify.com/artist/25vU5DYwHIHhg1ViWV3SJq","25vU5DYwHIHhg1ViWV3SJq",20122
100,"Seth Troxler","WME","minimal tech house, minimal techno","https://i.scdn.co/image/0d2db03e710b07ce622c761a6a7263b811f06384",35,2328789,"https://open.spotify.com/artist/3JkLFcTej6tdwZoQT6Nx4B","3JkLFcTej6tdwZoQT6Nx4B",58765
101,"SG Lewis","WME","electropop, indie r&b, tropical house, vapor soul","https://i.scdn.co/image/7f3db1b2495fe1420bb08945b6c3411bb78d4c59",65,8252688,"https://open.spotify.com/artist/0GG2cWaonE4JPrjcCCQ1EG","0GG2cWaonE4JPrjcCCQ1EG",98863
102,"Showtek","WME","big room, deep big room, edm, electro house, hardstyle, progressive electro house","https://i.scdn.co/image/3e85fa1c3bdd6d54d32e8edb799c313741b78962",71,600188,"https://open.spotify.com/artist/3gk0OYeLFWYupGFRHqLSR7","3gk0OYeLFWYupGFRHqLSR7",380424
103,"Skrillex","WME","brostep, complextro, edm, electro","https://i.scdn.co/image/e352d8a030acf0c2858a74c5710dc2640b1b4e63",81,3084961,"https://open.spotify.com/artist/5he5w2lnU9x7JFhnwcekXX","5he5w2lnU9x7JFhnwcekXX",6818475
104,"Soulwax","WME","alternative dance, belgian indie, big beat, dance-punk, electro house, electroclash, electronic, filter house, indietronica, mashup, new rave","https://i.scdn.co/image/417d68a62c258e9adb243f1a263bb73f5d913c7a",52,3715721,"https://open.spotify.com/artist/43mWhBXSflupNLuNjM5vff","43mWhBXSflupNLuNjM5vff",120627
105,"Spor","WME","drum and bass, liquid funk, neurofunk","https://i.scdn.co/image/6f421eb370d5be0b269a5610cbf2a42e465dfb2b",40,231037,"https://open.spotify.com/artist/42EZt9LfgsaF0WHlDC3FoM","42EZt9LfgsaF0WHlDC3FoM",28755
106,"Steve Aoki","WME","big room, dance pop, edm, electro house, pop, tropical house","https://i.scdn.co/image/9fb14e9cb53a341db6c4ef132e0c01f9c9a1dd40",81,567464,"https://open.spotify.com/artist/77AiFEVeAVj2ORpC85QVJs","77AiFEVeAVj2ORpC85QVJs",2721514
107,"St. Lucia","WME","alternative dance, chillwave, electropop, indie pop, indie poptimism, indie psych-rock, indietronica, metropopolis, modern alternative rock, modern rock, neo-synthpop, shimmer pop, vapor soul","https://i.scdn.co/image/3e6aa92ab34ac29f575a51cd0af2deeed7969435",60,4362243,"https://open.spotify.com/artist/5WId4o5jdGVhptNU0uqKxu","5WId4o5jdGVhptNU0uqKxu",163291
108,"The Avalanches","WME","alternative dance, australian dance, electronic, indietronica, neo-psychedelic, new rave","https://i.scdn.co/image/f107aee9884d6595112008973f3117224d083ee1",57,16256,"https://open.spotify.com/artist/3C8RpaI3Go0yFF9whvKoED","3C8RpaI3Go0yFF9whvKoED",195061
109,"The Aston Shuffle","WME","aussietronica, australian dance, deep groove house","https://i.scdn.co/image/b39333e53a94821f03860f9069ab1714552e4ed5",48,774382,"https://open.spotify.com/artist/4Jv9I6DAbcjDa8HGFAjv94","4Jv9I6DAbcjDa8HGFAjv94",27916
110,"The Chemical Brothers","WME","alternative dance, big beat, breakbeat, electronic, new rave, trip hop","https://i.scdn.co/image/5dd9cfeb73ad85ab7ad9a0dcad06b91b978cf72b",65,220274,"https://open.spotify.com/artist/1GhPHrq36VKCY3ucVaZCfo","1GhPHrq36VKCY3ucVaZCfo",832379
111,"The Him","WME","deep house, deep tropical house, edm, electro house, house, tropical house, tropical pop edm","https://i.scdn.co/image/cf8bc09f77abcab59932b17485f385e6307d0c6b",65,338751,"https://open.spotify.com/artist/5WdqBAQhGFCrZvBKXiPIu7","5WdqBAQhGFCrZvBKXiPIu7",33991
112,"The Martinez Brothers","WME","deep disco house, minimal tech house, minimal techno","https://i.scdn.co/image/beb26511ed7706a1cb89ffdd316d982770587c56",42,1414872,"https://open.spotify.com/artist/7B1LLuCQk13H4Mb6CFBftU","7B1LLuCQk13H4Mb6CFBftU",79485
113,"Thievery Corporation","WME","acid jazz, downtempo, electronic, nu jazz, trip hop","https://i.scdn.co/image/7e1f7ad6e0cd4aad43e71a88a942283004d68c85",64,114197,"https://open.spotify.com/artist/25KNo5GDS6ZpLkjasaecA3","25KNo5GDS6ZpLkjasaecA3",388224
114,"Thomas Jack","WME","deep house, deep tropical house, tropical house","https://i.scdn.co/image/1e654b4d6366cf40541ec9c678a5d6e84353679a",53,7366274,"https://open.spotify.com/artist/6JmzdIDSQdeHg0pocIascm","6JmzdIDSQdeHg0pocIascm",63230
115,"Trentemøller","WME","danish electro-pop, electronic, microhouse, minimal techno, trip hop","https://i.scdn.co/image/944c34cd632a67139c3205c3281ed8935b6fb3ab",54,218998,"https://open.spotify.com/artist/4O71i7ke5iIBX6RNSFoZbS","4O71i7ke5iIBX6RNSFoZbS",213558
116,"Tiga","WME","alternative dance, dance-punk, electroclash, filter house, new rave, tech house","https://i.scdn.co/image/16411908b261c67ceeefb78681b09caaeb8de931",51,242571,"https://open.spotify.com/artist/5l9wiTZVfqQTfMDOt0HtwC","5l9wiTZVfqQTfMDOt0HtwC",62888
117,"Trippy Turtle","WME","escape room","https://i.scdn.co/image/aa34928f8c452e27539b8cc7e06ac1854a02c9a8",26,7454274,"https://open.spotify.com/artist/0J8GXvnNqXWaDikoYCbDlt","0J8GXvnNqXWaDikoYCbDlt",10497
118,"Willaris. K","WME","aussietronica, deep australian indie","https://i.scdn.co/image/60cfda92b1a297dfa3cd4dd611fa06d7f6450d22",39,9092624,"https://open.spotify.com/artist/6ZHeg2Op5ZkNppXbNLSglj","6ZHeg2Op5ZkNppXbNLSglj",5701
119,"Underworld","WME","acid house, big beat, electronic, trip hop","https://i.scdn.co/image/be59a52eaa8f103ccb684a7471cacf56bc6db6c8",58,462490,"https://open.spotify.com/artist/1PXHzxRDiLnjqNrRn2Xbsa","1PXHzxRDiLnjqNrRn2Xbsa",226930
120,"Virtual Self","WME","brostep, edm, electro house, electronic trap","https://i.scdn.co/image/8ece4806e0f6dd106664bb2a0ffbbc838a4c66c8",53,9308489,"https://open.spotify.com/artist/0F52YLV7uWqaJfMMDgG737","0F52YLV7uWqaJfMMDgG737",41892
121,"Yotto","WME","edm, finnish edm, progressive house, tropical house","https://i.scdn.co/image/49eba4e23984d050628ce80e4f360be0c4719bda",56,8620979,"https://open.spotify.com/artist/5Dyfxq0ZrFjjeFBdSNxDbo","5Dyfxq0ZrFjjeFBdSNxDbo",37495
122,"Zedd","WME","complextro, dance pop, edm, german techno, pop, post-teen pop, tropical house","https://i.scdn.co/image/019b8d30dfda54e54dcb2067f0753aa77310e14d",86,992104,"https://open.spotify.com/artist/2qxJFvFYMEDqd7ui6kSAcq","2qxJFvFYMEDqd7ui6kSAcq",3467205
123,"ZHU","WME","edm","https://i.scdn.co/image/586bdfea7cabd49379f446295414f8a76b444f80",72,1183857,"https://open.spotify.com/artist/28j8lBWDdDSHSSt5oPlsX2","28j8lBWDdDSHSSt5oPlsX2",384799
124,"Adam Beyer","WME","house, minimal techno, schranz, tech house, techno","https://i.scdn.co/image/1030d6e68eb67ff57d4ee04121d3450ec35e9d14",54,173218,"https://open.spotify.com/artist/1btv9qmIpbp7q1ixCYNdHu","1btv9qmIpbp7q1ixCYNdHu",128307
125,"Adam Beyer","WME","house, minimal techno, schranz, tech house, techno","https://i.scdn.co/image/1030d6e68eb67ff57d4ee04121d3450ec35e9d14",54,173218,"https://open.spotify.com/artist/1btv9qmIpbp7q1ixCYNdHu","1btv9qmIpbp7q1ixCYNdHu",128307
126,"Afrojack","WME","big room, dance pop, deep big room, dutch house, edm, electro house, pop, progressive electro house, progressive house, tropical house","https://i.scdn.co/image/bec25756309b1f7af565252f78709d69a8f11974",75,2479031,"https://open.spotify.com/artist/4D75GcNG95ebPtNvoNVXhz","4D75GcNG95ebPtNvoNVXhz",2309822
127,"Alesso","WME","big room, dance pop, edm, electro house, pop, progressive electro house, tropical house","https://i.scdn.co/image/021f014a6809e5b7f1ef1c18bf247fd9ccacb193",81,4329851,"https://open.spotify.com/artist/4AVFqumd2ogHFlRbKIjp1t","4AVFqumd2ogHFlRbKIjp1t",2296228
128,"Alok","WME","electro house","https://i.scdn.co/image/cd1eff641cd4658d6b884820de6832893fa99000",79,4646863,"https://open.spotify.com/artist/0NGAZxHanS9e0iNHpR8f2W","0NGAZxHanS9e0iNHpR8f2W",4495561
129,"AlunaGeorge","WME","electropop, house, indie r&b, indietronica, pop, tropical house","https://i.scdn.co/image/2cb91f6664f67d9bce335abd4bbf4a73a7ed9af3",71,3909671,"https://open.spotify.com/artist/2VAnyOxzJuSAj7XIuEOT38","2VAnyOxzJuSAj7XIuEOT38",326986
130,"Annie Lennox","WME","folk, folk-pop, lilith, mellow gold, new wave pop, pop rock, scottish new wave, soft rock","https://i.scdn.co/image/fb1b39783fdc9625bcba0837e7da9882969eaa03",63,2476291,"https://open.spotify.com/artist/5MspMQqdVbdwP6ax3GXqum","5MspMQqdVbdwP6ax3GXqum",437122
131,"Apster","WME","big room, dutch house","https://i.scdn.co/image/97ac608af943e1f01488aa38da85882cb58e7029",40,3494066,"https://open.spotify.com/artist/0bi8sypegPFiP6Rd9gdkyz","0bi8sypegPFiP6Rd9gdkyz",4236
132,"Bag Raiders","WME","alternative dance, australian dance, filter house, indietronica","https://i.scdn.co/image/da28b5d29dc75072d83b5892ea3db97926cbe914",60,975813,"https://open.spotify.com/artist/6fXEqmGQEt6ONuqVmwrN46","6fXEqmGQEt6ONuqVmwrN46",136557
133,"Basement Jaxx","WME","alternative dance, big beat, dance pop, disco house, electronic, new rave, uk garage, vocal house","https://i.scdn.co/image/4c74994e83cacb4ee9b5fce6d6dcbe937b8642e6",59,44913,"https://open.spotify.com/artist/4YrKBkKSVeqDamzBPWVnSJ","4YrKBkKSVeqDamzBPWVnSJ",249350
134,"BAYNK","WME","aussietronica, electropop, indie poptimism, tropical house, vapor soul","https://i.scdn.co/image/6405fd617f1f99516c6577dd707e34784377683a",60,8685484,"https://open.spotify.com/artist/28yVvEvA2lT3K5RNIhV1Dj","28yVvEvA2lT3K5RNIhV1Dj",26214
135,"Ben Nicky","WME","progressive uplifting trance, uplifting trance","https://i.scdn.co/image/fa65f6fcd9924e85222268af9ececbf92e88d4cd",45,1403293,"https://open.spotify.com/artist/3Bd1phrOZJuCev9U0bzdtA","3Bd1phrOZJuCev9U0bzdtA",18730
136,"Black Coffee","WME","afro house, deep house, kwaito house","https://i.scdn.co/image/db715976679d76f7c79c54c0f97c72c5637ed155",65,421804,"https://open.spotify.com/artist/6wMr4zKPrrR0UVz08WtUWc","6wMr4zKPrrR0UVz08WtUWc",155714
137,"Björk","WME","alternative dance, art pop, chamber pop, electronic, electropop, experimental pop, folk-pop, icelandic pop, metropopolis, permanent wave, pop rock, trip hop","https://i.scdn.co/image/5001ca3c3cd95734aac7320d2199b9b515595375",63,492728,"https://open.spotify.com/artist/7w29UYBi0qsHi5RTcv3lmA","7w29UYBi0qsHi5RTcv3lmA",803225
138,"Booka Shade","WME","electronic, german techno, microhouse, minimal techno, tech house","https://i.scdn.co/image/8c0fbe0fb1c86825adeb18bf0a019a22827c4422",51,295932,"https://open.spotify.com/artist/2CKaDZ1Yo8YnWega9IeUzB","2CKaDZ1Yo8YnWega9IeUzB",113010
139,"Borgore","WME","bass trap, brostep, dubstep, edm, electro house, electronic trap","https://i.scdn.co/image/267a9d296e20115ef8285ef7909751cd1f2ca6d8",61,2426086,"https://open.spotify.com/artist/7u160I5qtBYZTQMLEIJmyz","7u160I5qtBYZTQMLEIJmyz",441822
140,"Calvin Harris","WME","edm, electro house, house, pop, progressive house","https://i.scdn.co/image/7b4c05bee8c822c006b372e26ef1b08acc3af45a",90,82547,"https://open.spotify.com/artist/7CajNmpbOovFoOoasH2HaY","7CajNmpbOovFoOoasH2HaY",13691351
141,"Charlotte de Witte","WME","minimal techno, tech house","https://i.scdn.co/image/d114011ed9245d86184e7f6a1ccf1de9f9bb3e24",48,8805714,"https://open.spotify.com/artist/1lJhME1ZpzsEa5M0wW6Mso","1lJhME1ZpzsEa5M0wW6Mso",62993
142,"Chase Rice","WME","contemporary country, country, country road, modern country rock, redneck","https://i.scdn.co/image/b1d5172813916a80dd5fa3ba4a0ec281e9c62d48",67,3002876,"https://open.spotify.com/artist/6pBNfggcZZDCmb0p92OnGn","6pBNfggcZZDCmb0p92OnGn",469066
143,"Chris Lake","WME","big room, brazilian electronica, brostep, deep groove house, disco house, edm, electro house, electronic trap, house, melbourne bounce, progressive electro house, progressive house, tech house, tropical house","https://i.scdn.co/image/b5a5ac37867b209a77e5448152b2861e1ff0a333",65,211161,"https://open.spotify.com/artist/5Igpc9iLZ3YGtKeYfSrrOE","5Igpc9iLZ3YGtKeYfSrrOE",77561
144,"Chuckie","WME","big room, deep big room, dutch house, edm, electro house, house, melbourne bounce, progressive electro house","https://i.scdn.co/image/1cbc13e4131461d8631d527c955ba83dddde099d",51,937055,"https://open.spotify.com/artist/4x7gxsrTH3gThvSKZPPwaQ","4x7gxsrTH3gThvSKZPPwaQ",100998
145,"Cristoph","WME","deep disco house, deep house, deep melodic euro house, house, minimal tech house, progressive house, tech house, tribal house","https://i.scdn.co/image/dacdfb9df119c14609d67ef0a128411c85b252c6",47,8417318,"https://open.spotify.com/artist/532SqCIYmJyXEdEiCJLgYG","532SqCIYmJyXEdEiCJLgYG",14609
146,"Claptone","WME","deep disco house, german techno, house, progressive house, tropical house","https://i.scdn.co/image/8bd420e28c2b99b9fe7d3f4bc931c681c42d4ae1",64,5384948,"https://open.spotify.com/artist/4mncDFjVLUa3s025Tct3Ry","4mncDFjVLUa3s025Tct3Ry",166827
147,"CID","WME","big room, deep big room, deep groove house, edm, electro house, house, progressive electro house, progressive house, tropical house, tropical pop edm","https://i.scdn.co/image/eb955139baf406a2b89eb44c1359db1d238d016a",68,179311,"https://open.spotify.com/artist/4FCzCS0KEgb0rgySWINItO","4FCzCS0KEgb0rgySWINItO",43290
148,"D-wayne","WME","deep big room","https://i.scdn.co/image/12d5eb6a8157481eef038cf3682bb8d8e8399481",36,597972,"https://open.spotify.com/artist/7s8qj3Bzbzoyw1t1y88GuX","7s8qj3Bzbzoyw1t1y88GuX",4754
149,"Daniel Avery","WME","chamber psych, electronic, float house, microhouse, minimal techno, shiver pop, tech house","https://i.scdn.co/image/d4a72af98f3f47431f5fe211f388a89d47f464a5",47,4913413,"https://open.spotify.com/artist/1EULJuDFWpZ9xg4YwtUGGt","1EULJuDFWpZ9xg4YwtUGGt",44135
150,"deadmau5","WME","big room, edm, electro house, progressive house","https://i.scdn.co/image/86e8991077d6ce237be8f24dbc65e90f2e1f2a43",70,244669,"https://open.spotify.com/artist/2CIMQHirSU0MQqyYHq0eOx","2CIMQHirSU0MQqyYHq0eOx",2093091
151,"Disciples","WME","deep groove house, disco house, edm, house, tropical house","https://i.scdn.co/image/4e04fe99fb10d9894df908d54f0fdb150a54f831",67,348703,"https://open.spotify.com/artist/5EehXjjMktLuJmbRsM7YfB","5EehXjjMktLuJmbRsM7YfB",135847
152,"Deorro","WME","big room, dance pop, edm, electro house, melbourne bounce, pop, progressive electro house, tropical house","https://i.scdn.co/image/476809dfd990e91adb7c33c0981e1c7e9b073ec2",71,5817944,"https://open.spotify.com/artist/6VD4UEUPvtsemqD3mmTqCR","6VD4UEUPvtsemqD3mmTqCR",765840
153,"DJ Shadow","WME","big beat, downtempo, electronic, hip hop, trip hop, turntablism","https://i.scdn.co/image/2347b7d9f58d13bf6bb7dd85fb6e4f7b01fcdb2d",62,384058,"https://open.spotify.com/artist/5CE2IfdYZEQGIDsfiRm8SI","5CE2IfdYZEQGIDsfiRm8SI",277429
154,"Don Diablo","WME","big room, dance pop, edm, electro house, pop, progressive electro house, progressive house, tropical house","https://i.scdn.co/image/8e300462ea539531b1640897fed77380cb7e14e0",75,290562,"https://open.spotify.com/artist/1l2ekx5skC4gJH8djERwh1","1l2ekx5skC4gJH8djERwh1",1131293
155,"Jimmy Durante","WME","adult standards, cabaret, christmas, easy listening, lounge, swing, vocal jazz","https://i.scdn.co/image/e20b2a066e4b232fbf265a9db2952c550305fd02",46,8300138,"https://open.spotify.com/artist/5FNHfTn3yzVpqdUyWwej0v","5FNHfTn3yzVpqdUyWwej0v",33508
156,"Emmit Fenn","WME","indie poptimism, vapor soul","https://i.scdn.co/image/9dfa19df8fae821a9442a68e522d075047ad840c",57,9366384,"https://open.spotify.com/artist/3VVLqeEqQQqTgT8YhfY9Z6","3VVLqeEqQQqTgT8YhfY9Z6",42419
157,"Eric Prydz","WME","big room, disco house, edm, electro house, house, progressive electro house, progressive house, vocal house","https://i.scdn.co/image/7d52f298235cc6ddbbb14a66f546e00b2eb19c34",65,315347,"https://open.spotify.com/artist/5sm0jQ1mq0dusiLtDJ2b4R","5sm0jQ1mq0dusiLtDJ2b4R",251624
158,"Fatboy Slim","WME","big beat, electronic","https://i.scdn.co/image/32376373e766c2676521d221624642a1708debfc",66,371111,"https://open.spotify.com/artist/4Y7tXHSEejGu1vQ9bwDdXW","4Y7tXHSEejGu1vQ9bwDdXW",511424
159,"Feed Me","WME","brostep, catstep, complextro, edm, electro house, filthstep","https://i.scdn.co/image/8587580e1e5a8d09177ca54739b7ed98ee0b8f9c",55,1325067,"https://open.spotify.com/artist/5FWi1mowu6uiU2ZHwr1rby","5FWi1mowu6uiU2ZHwr1rby",269449
160,"Felix Jaehn","WME","dance pop, edm, pop, tropical house","https://i.scdn.co/image/6d3d2088793fd225bfa77f320cece834d1809805",75,8215258,"https://open.spotify.com/artist/4bL2B6hmLlMWnUEZnorEtG","4bL2B6hmLlMWnUEZnorEtG",685860
161,"Frank Walker","WME","tropical pop edm","https://i.scdn.co/image/970028bd5058c39d1bae3fefef7ff90d9f043574",55,8117713,"https://open.spotify.com/artist/6rcE30MaP92XafelMNZ2Sq","6rcE30MaP92XafelMNZ2Sq",23132
162,"George FitzGerald","WME","bass music, future garage","https://i.scdn.co/image/b8ea90b7df65f54aeb3b080d855dcd2327703e96",60,2971456,"https://open.spotify.com/artist/3KOHpygRuo1ruQAbEneR3t","3KOHpygRuo1ruQAbEneR3t",58036
163,"Glowie","WME","icelandic pop","https://i.scdn.co/image/7a7f6229ff8e24a414c9db2039043e1935d56dfb",25,8697958,"https://open.spotify.com/artist/303SwmjLibkh8OJH5xxZOM","303SwmjLibkh8OJH5xxZOM",1647
164,"Galantis","WME","big room, dance pop, edm, electro house, pop, tropical house","https://i.scdn.co/image/5f57c69e2c34edb9847af7ada2e67449d1754df1",76,7688239,"https://open.spotify.com/artist/4sTQVOfp9vEMCemLw50sbu","4sTQVOfp9vEMCemLw50sbu",2224824
165,"Gareth Emery","WME","big room, edm, progressive electro house, progressive house, progressive trance, trance, uplifting trance","https://i.scdn.co/image/a87e328feafc86911fd3da414d741329fa24c9e0",61,593623,"https://open.spotify.com/artist/0hprEC0nsWuQPSHag1O2Vi","0hprEC0nsWuQPSHag1O2Vi",154148
166,"Goldfrapp","WME","alternative dance, art pop, big beat, chamber pop, chamber psych, dance pop, dance-punk, electroclash, electronic, electropop, folk-pop, indietronica, neo-synthpop, new rave, new wave pop, pop rock, trip hop","https://i.scdn.co/image/4224df3fe879a0527199e43e57911d9e9e336c87",57,254413,"https://open.spotify.com/artist/5BKsn7SCN2XmbF7apdCpRS","5BKsn7SCN2XmbF7apdCpRS",276644
167,"Groove Armada","WME","big beat, disco house, electronic, nu jazz, nu skool breaks, trip hop","https://i.scdn.co/image/d92b07becc4f9146722ed7cca9121a862267ddc1",60,71147,"https://open.spotify.com/artist/67tgMwUfnmqzYsNAtnP6YJ","67tgMwUfnmqzYsNAtnP6YJ",296514
168,"Guy Gerber","WME","deep melodic euro house, microhouse, minimal tech house, minimal techno, tech house","https://i.scdn.co/image/675db84236f1b8cc9e8cc605d11ef55c2713f082",42,343251,"https://open.spotify.com/artist/3bqBkAzdPwEDe1JUvb7ZeC","3bqBkAzdPwEDe1JUvb7ZeC",38496
169,"Holy Ghost!","WME","alternative dance, chillwave, dance-punk, filter house, indie psych-rock, indietronica, neo-synthpop, new rave, nu disco, shimmer pop","https://i.scdn.co/image/c427a337a78206317fe7ab42f44e2fbc194f52bd",47,272953,"https://open.spotify.com/artist/2Vhc7Y0Kc6HzMC6glKM4h6","2Vhc7Y0Kc6HzMC6glKM4h6",68918
170,"Hermitude","WME","aussietronica, australian dance, australian hip hop, deep australian indie, downtempo, edm, electronic trap, escape room","https://i.scdn.co/image/e51908331d69c213c885b119bc37748c75757ce8",59,332164,"https://open.spotify.com/artist/3fmMaLC5jjf2N4EC2kTx0u","3fmMaLC5jjf2N4EC2kTx0u",189266
171,"Hot Since 82","WME","deep disco house, deep groove house, deep house, house, minimal tech house, tech house","https://i.scdn.co/image/d64799fbc8e7557cb917e32108a6a29b3472b8f3",52,5101163,"https://open.spotify.com/artist/1tRBmMtER4fGrzrt8O9VpS","1tRBmMtER4fGrzrt8O9VpS",111083
172,"Icarus","WME","deep groove house, house","https://i.scdn.co/image/cce8712b28add2e1599a25bdf48e408505b6b55b",54,281343,"https://open.spotify.com/artist/0nUF7iT0e6D5xEl743Jfu3","0nUF7iT0e6D5xEl743Jfu3",16419
173,"Iglooghost","WME","escape room, indie r&b, vaporwave, wonky","https://i.scdn.co/image/6423845453d217c4d29e7a36a7deffffd6cc855b",46,8144793,"https://open.spotify.com/artist/7LCDnUQYE07fnKbo46SVLB","7LCDnUQYE07fnKbo46SVLB",27182
174,"Farley ""Jackmaster"" Funk","WME","acid house, chicago house, hip house","https://i.scdn.co/image/c8b55afcbfbe87b4e6a178c5bbe8c220c07336c3",25,176493,"https://open.spotify.com/artist/0B9P7RXrukgIdmutz9XMVN","0B9P7RXrukgIdmutz9XMVN",5426
175,"Jean-Michel Jarre","WME","electronic, laboratorio, new romantic, new wave, vintage french electronic","https://i.scdn.co/image/b52c1d09b0fb64ab4a88b84f3166dc5886826be1",57,266428,"https://open.spotify.com/artist/5MhLmv7GgyjbxGqiIGasvT","5MhLmv7GgyjbxGqiIGasvT",213513
176,"Jay Hardway","WME","big room, deep big room, edm, electro house, house, progressive electro house, progressive house, tropical house, tropical pop edm","https://i.scdn.co/image/9112e315a5c57abcf74bd1825525ffe1d5b992d8",63,7685974,"https://open.spotify.com/artist/12SPNXi0aDpFt0rMVbmLrr","12SPNXi0aDpFt0rMVbmLrr",226677
177,"Joris Voorn","WME","microhouse, minimal techno, tech house, techno","https://i.scdn.co/image/7fcaab5c872381f5900d16d4ff69889c7c01887b",49,525746,"https://open.spotify.com/artist/4jGpKAmwvU263l0tUh4xKU","4jGpKAmwvU263l0tUh4xKU",64162
178,"Joseph Capriati","WME","deep minimal techno, minimal techno, tech house, techno","https://i.scdn.co/image/6733381099178c59620eafea714712eb5ee9182f",41,708120,"https://open.spotify.com/artist/7onsqSWPufMm5ZnUCECDpf","7onsqSWPufMm5ZnUCECDpf",86819
179,"Justice","WME","alternative dance, dance-punk, electro house, electronic, filter house, indietronica, new rave","https://i.scdn.co/image/58d9c87c082d3af6f8ea8dc7ac44dd3823280b45",65,301499,"https://open.spotify.com/artist/1gR0gsQYfi6joyO1dlp76N","1gR0gsQYfi6joyO1dlp76N",710877
180,"Kayzo","WME","brostep, catstep, edm, electro house, electronic trap","https://i.scdn.co/image/0d5f1c1c5542091532217933e072ac1e8932f901",60,6809669,"https://open.spotify.com/artist/72iCiKwu6nu6Qq9emIwzYv","72iCiKwu6nu6Qq9emIwzYv",70809
181,"Kap Slap","WME","tropical pop edm","https://i.scdn.co/image/3a7be291d88a8288b95abe4bae9a7f44d156e040",46,4283996,"https://open.spotify.com/artist/1yRxS3CXYM7s6amlkEmozI","1yRxS3CXYM7s6amlkEmozI",28790
182,"Kidswaste","WME","indie poptimism, vapor soul","https://i.scdn.co/image/5a5476937a822d5d60893852f74373b2cd777b49",55,8878804,"https://open.spotify.com/artist/4aCkc4HrwC4Dopig7RELoH","4aCkc4HrwC4Dopig7RELoH",17373
183,"Leftfield","WME","acid house, big beat, breakbeat, downtempo, electronic, hardcore techno, trip hop","https://i.scdn.co/image/baa22e9e0e3b9400ebf715c0b075ed107235af9f",47,17885,"https://open.spotify.com/artist/72hqBMsw7x5jnfxxwkii8L","72hqBMsw7x5jnfxxwkii8L",91589
184,"Kygo","WME","edm, pop, tropical house","https://i.scdn.co/image/1caaca2be637b0c56bb0ede637e36a8bcca149d1",86,7738429,"https://open.spotify.com/artist/23fqKkggKUBHNkbKtXEls4","23fqKkggKUBHNkbKtXEls4",3825148
185,"Kölsch","WME","minimal techno, tech house, tropical house","https://i.scdn.co/image/701b346584d1dd4a01edcca5e6837c6cb55e268c",58,3861696,"https://open.spotify.com/artist/2D9Oe8R9UhbMvFAsMJpXj0","2D9Oe8R9UhbMvFAsMJpXj0",100343
186,"Lido","WME","indie r&b, norwegian hip hop, norwegian pop, vapor twitch","https://i.scdn.co/image/5c9c61fe38f1123f775a892d4955fe6c4c0ba03f",60,302510,"https://open.spotify.com/artist/1aSwrSGBNGMLn9ymttfRkk","1aSwrSGBNGMLn9ymttfRkk",80312
187,"M.I.A.","WME","dance pop, escape room, new rave, pop","https://i.scdn.co/image/31ef1aaf80f623deaeda9c8d5a4074b7f8b34516",69,493293,"https://open.spotify.com/artist/0QJIPDAEDILuo8AIq3pMuU","0QJIPDAEDILuo8AIq3pMuU",717358
188,"Lost Kings","WME","dance pop, deep tropical house, edm, electro house, indie poptimism, pop, tropical house","https://i.scdn.co/image/88bf8da8f895e8ff9027bce098f50c460a60efca",70,6375954,"https://open.spotify.com/artist/3hyEbRtp617pNCuuQjyOmc","3hyEbRtp617pNCuuQjyOmc",94067
189,"Loud Luxury","WME","edm, tropical house","https://i.scdn.co/image/504549a69a84517c1158e47cf727be9307a99044",81,5862829,"https://open.spotify.com/artist/6t1gpxYbY8OlLA7D2RiikQ","6t1gpxYbY8OlLA7D2RiikQ",42906
190,"Madeon","WME","big room, complextro, edm, electro house, electropop, filter house","https://i.scdn.co/image/0f7ac71d433dec24ec02024825af7b4f137847fe",62,4660573,"https://open.spotify.com/artist/4pb4rqWSoGUgxm63xmJ8xc","4pb4rqWSoGUgxm63xmJ8xc",403801
191,"Mako","WME","big room, deep tropical house, edm, electro house, indie poptimism, progressive electro house, tropical house","https://i.scdn.co/image/5445f2f3243b9a33fb6b24ee61f7621f51030060",70,281441,"https://open.spotify.com/artist/0Ye4nfYAA91T1X56gnlXAA","0Ye4nfYAA91T1X56gnlXAA",71626
192,"Malaa","WME","brostep, edm, electro house, electronic trap, house","https://i.scdn.co/image/6fe6f055cc5cd2ec0c2950b238128371d6368e0e",57,8673349,"https://open.spotify.com/artist/7w1eTNePApzDk8XtgykCPS","7w1eTNePApzDk8XtgykCPS",77303
193,"Martin Buttrich","WME","german techno, microhouse, minimal tech house, minimal techno, tech house","https://i.scdn.co/image/f49cc37a74b52c823cdeed93f290f1dd49b79308",36,582374,"https://open.spotify.com/artist/2bP72uOaVvJ2syINURI42n","2bP72uOaVvJ2syINURI42n",12411
194,"Martin Garrix","WME","big room, edm, pop, progressive house, tropical house","https://i.scdn.co/image/990f17c31b1cb4b4b2bc7b3d4780e2c9fd3a846a",87,5003643,"https://open.spotify.com/artist/60d24wfXkVzDSfLS6hyCjZ","60d24wfXkVzDSfLS6hyCjZ",7617950
195,"Massive Attack","WME","downtempo, electronic, trip hop","https://i.scdn.co/image/c8bbeedb05f38ae5cb982a7daf4bf7129cca892c",67,546131,"https://open.spotify.com/artist/6FXMGgJwohJLUSr5nVlf9X","6FXMGgJwohJLUSr5nVlf9X",974147
196,"Maya Jane Coles","WME","deep disco house, deep house, house, microhouse, minimal tech house, tech house","https://i.scdn.co/image/9109d918a8c139a45f31ef25c8bf5ef95b22f08a",55,646004,"https://open.spotify.com/artist/6TshTCYwh9ySzOO6Jy4Ux2","6TshTCYwh9ySzOO6Jy4Ux2",143232
197,"Michael Brun","WME","big room, edm, progressive electro house","https://i.scdn.co/image/ab4e286f78b9b10507708cb2f1ce5ceae49602e5",61,4714098,"https://open.spotify.com/artist/1HcAkAeL4xf02wzAnl7mIV","1HcAkAeL4xf02wzAnl7mIV",24121
198,"M.I.A.","WME","dance pop, escape room, new rave, pop","https://i.scdn.co/image/31ef1aaf80f623deaeda9c8d5a4074b7f8b34516",69,493293,"https://open.spotify.com/artist/0QJIPDAEDILuo8AIq3pMuU","0QJIPDAEDILuo8AIq3pMuU",717358
199,"Michael W. Smith","WME","ccm, christian alternative rock, christian music, christian rock, world worship, worship","https://i.scdn.co/image/3708bb38da696479c22a6f0e88345750c8d9d348",61,268653,"https://open.spotify.com/artist/5aBxFPaaGk9204ssHUvXWN","5aBxFPaaGk9204ssHUvXWN",201951
200,"Miike Snow","WME","alternative dance, dance-punk, electropop, indie pop, indie rock, indietronica, modern rock, new rave, shimmer pop, swedish electropop, swedish indie pop, swedish synthpop","https://i.scdn.co/image/b3944378d08ba28b16c494cc7f63703175169251",63,2391223,"https://open.spotify.com/artist/4l1cKWYW591xnwEGxpUg3J","4l1cKWYW591xnwEGxpUg3J",464937
201,"Museum Of Love","WME","etherpop, gauze pop","https://i.scdn.co/image/dfc4bf71d56ce85c3565ca941c175a925f0b3aef",21,7063309,"https://open.spotify.com/artist/2nIzOTNOvPxPlgzB4GQHPc","2nIzOTNOvPxPlgzB4GQHPc",2891
202,"NERO","WME","brostep, drum and bass, edm, electro house","https://i.scdn.co/image/02c87a6ce8c51f4a9f2198ab870169597f3e99ca",59,53462,"https://open.spotify.com/artist/4uRYpUQZrNrY5t8tAv3XrD","4uRYpUQZrNrY5t8tAv3XrD",656561
203,"No Mana","WME","complextro, edm, electro house, progressive house","https://i.scdn.co/image/8b9571ab2156cd6af10677fd69444735dbbe8b71",42,8594189,"https://open.spotify.com/artist/20yuGdfbRkW0HH3OfG1Nkg","20yuGdfbRkW0HH3OfG1Nkg",17798
204,"Oneohtrix Point Never","WME","ambient, art pop, art rock, bass music, chamber psych, chillwave, compositional ambient, dream pop, drone, electronic, escape room, experimental, experimental pop, experimental rock, fluxwork, fourth world, freak folk, hauntology, indie r&b, indietronica, intelligent dance music, mandible, microhouse, neo-psychedelic, noise pop, noise rock, outsider house, post-rock, vaporwave, wonky","https://i.scdn.co/image/e6d52082eaf5384a035ea0b87e176d65fcad4e9c",51,2437906,"https://open.spotify.com/artist/2wPDbhaGXCqROrVmwDdCrK","2wPDbhaGXCqROrVmwDdCrK",74361
205,"Netsky","WME","drum and bass, liquid funk","https://i.scdn.co/image/3df0b32c15a1dafc37644ab0332b9d0f1f114462",64,2884896,"https://open.spotify.com/artist/5TgQ66WuWkoQ2xYxaSTnVP","5TgQ66WuWkoQ2xYxaSTnVP",305650
206,"NERVO","WME","australian dance, big room, dance pop, deep big room, edm, electro house, house, progressive electro house, progressive house","https://i.scdn.co/image/37449ac5ef413d87861fd58e75709d2143ffbba6",63,1118443,"https://open.spotify.com/artist/4j5KBTO4tk7up54ZirNGvK","4j5KBTO4tk7up54ZirNGvK",525229
207,"Orbital","WME","acid house, big beat, breakbeat, drum and bass, electronic, hardcore techno, intelligent dance music, trip hop","https://i.scdn.co/image/9b33ab9dad9be8d90c896c6d9642318d2d1e3a25",54,271609,"https://open.spotify.com/artist/3csPCeXsj2wezyvkRFzvmV","3csPCeXsj2wezyvkRFzvmV",133549
208,"Paper Diamond","WME","glitch hop","https://i.scdn.co/image/9d65cf530372cebac4e2326310bf528095a38ec8",31,3786646,"https://open.spotify.com/artist/70YdZdpRWH0JNQc8ABCiAU","70YdZdpRWH0JNQc8ABCiAU",24312
209,"Paris Hilton","WME","dance pop, post-teen pop, strut","https://i.scdn.co/image/37dc3f652612336fda4617854b9371109602ff32",47,502783,"https://open.spotify.com/artist/1vkJFCwstOoJO7yQ4lTtLK","1vkJFCwstOoJO7yQ4lTtLK",224091
210,"Espinoza Paz","WME","banda, grupera, norteno, ranchera, regional mexican","https://i.scdn.co/image/e6d83b4c5689784858a02fc82dbd9a7b1653809e",64,102283,"https://open.spotify.com/artist/01rgao9OzfBm2BOHWJpi1Y","01rgao9OzfBm2BOHWJpi1Y",753453
211,"Peggy Gou","WME","chicago house, deep house, float house","https://i.scdn.co/image/56a60dc559ac3a0f2bd66e419c42d0d45e0ae157",51,8676764,"https://open.spotify.com/artist/2mLA48B366zkELXYx7hcDN","2mLA48B366zkELXYx7hcDN",47838
212,"Pet Shop Boys","WME","art pop, dance pop, dance rock, europop, new romantic, new wave, new wave pop, permanent wave, synthpop","https://i.scdn.co/image/31f687d07947ecb10d8b8cdfe16db074cc1c87e7",67,550013,"https://open.spotify.com/artist/2ycnb8Er79LoH2AsR5ldjh","2ycnb8Er79LoH2AsR5ldjh",633592
213,"Pete Tong","WME","disco house, electronic","https://i.scdn.co/image/ca2d19b6229417a4292cf8dbf44e9f07b71abfb9",52,508028,"https://open.spotify.com/artist/6n1t55WMsSIUFHrAL4mUsB","6n1t55WMsSIUFHrAL4mUsB",113608
214,"Plastikman","WME","acid house, acid techno, detroit techno, dub techno, electronic, intelligent dance music, microhouse, minimal techno, tech house, techno","https://i.scdn.co/image/11bb080b67b65597026ba4f38c9ed9000bec6a5c",35,493466,"https://open.spotify.com/artist/7GoFQNOTX0suC6Tn59qx8n","7GoFQNOTX0suC6Tn59qx8n",41734
215,"Robert DeLong","WME","indie pop, indietronica, modern alternative rock, modern rock","https://i.scdn.co/image/ccaa5e2084831469f114e83f0772a53002d0a6da",55,1022209,"https://open.spotify.com/artist/42crL07E4WPfVovyUtMpvC","42crL07E4WPfVovyUtMpvC",81863
216,"Porter Robinson","WME","big room, brostep, complextro, edm, electro house, pop, progressive electro house","https://i.scdn.co/image/e17cf58b24225d6721c8995bb7e9bcee88edc1e7",64,3821916,"https://open.spotify.com/artist/3dz0NnIZhtKKeXZxLOxCam","3dz0NnIZhtKKeXZxLOxCam",594046
217,"Richie Hawtin","WME","detroit techno, microhouse, minimal techno, tech house, techno","https://i.scdn.co/image/ed149b9c3ef4ea200c9d2e110ae5370a49a3bfbd",38,146504,"https://open.spotify.com/artist/3AhwIUus3pIaA3CvYBEtpy","3AhwIUus3pIaA3CvYBEtpy",139692
218,"Sam Feldt","WME","dance pop, deep tropical house, edm, electro house, pop, tropical house","https://i.scdn.co/image/62e52a4d9e1c9cdb7dc906d3b72eb2866f7f3f8a",73,8386078,"https://open.spotify.com/artist/20gsENnposVs2I4rQ5kvrf","20gsENnposVs2I4rQ5kvrf",281246
219,"Seth Troxler","WME","minimal tech house, minimal techno","https://i.scdn.co/image/0d2db03e710b07ce622c761a6a7263b811f06384",35,2328789,"https://open.spotify.com/artist/3JkLFcTej6tdwZoQT6Nx4B","3JkLFcTej6tdwZoQT6Nx4B",58765
220,"Savoy","WME","brostep, catstep, chillstep, complextro, edm, electro house, tracestep","https://i.scdn.co/image/23ac87f1b81fea3f9008a25533994ab6b106c451",44,540974,"https://open.spotify.com/artist/25vU5DYwHIHhg1ViWV3SJq","25vU5DYwHIHhg1ViWV3SJq",20122
221,"Showtek","WME","big room, deep big room, edm, electro house, hardstyle, progressive electro house","https://i.scdn.co/image/3e85fa1c3bdd6d54d32e8edb799c313741b78962",71,600188,"https://open.spotify.com/artist/3gk0OYeLFWYupGFRHqLSR7","3gk0OYeLFWYupGFRHqLSR7",380424
222,"SG Lewis","WME","electropop, indie r&b, tropical house, vapor soul","https://i.scdn.co/image/7f3db1b2495fe1420bb08945b6c3411bb78d4c59",65,8252688,"https://open.spotify.com/artist/0GG2cWaonE4JPrjcCCQ1EG","0GG2cWaonE4JPrjcCCQ1EG",98863
223,"Skrillex","WME","brostep, complextro, edm, electro","https://i.scdn.co/image/e352d8a030acf0c2858a74c5710dc2640b1b4e63",81,3084961,"https://open.spotify.com/artist/5he5w2lnU9x7JFhnwcekXX","5he5w2lnU9x7JFhnwcekXX",6818475
224,"Soulwax","WME","alternative dance, belgian indie, big beat, dance-punk, electro house, electroclash, electronic, filter house, indietronica, mashup, new rave","https://i.scdn.co/image/417d68a62c258e9adb243f1a263bb73f5d913c7a",52,3715721,"https://open.spotify.com/artist/43mWhBXSflupNLuNjM5vff","43mWhBXSflupNLuNjM5vff",120627
225,"St. Lucia","WME","alternative dance, chillwave, electropop, indie pop, indie poptimism, indie psych-rock, indietronica, metropopolis, modern alternative rock, modern rock, neo-synthpop, shimmer pop, vapor soul","https://i.scdn.co/image/3e6aa92ab34ac29f575a51cd0af2deeed7969435",60,4362243,"https://open.spotify.com/artist/5WId4o5jdGVhptNU0uqKxu","5WId4o5jdGVhptNU0uqKxu",163291
226,"Spor","WME","drum and bass, liquid funk, neurofunk","https://i.scdn.co/image/6f421eb370d5be0b269a5610cbf2a42e465dfb2b",40,231037,"https://open.spotify.com/artist/42EZt9LfgsaF0WHlDC3FoM","42EZt9LfgsaF0WHlDC3FoM",28755
227,"Steve Aoki","WME","big room, dance pop, edm, electro house, pop, tropical house","https://i.scdn.co/image/9fb14e9cb53a341db6c4ef132e0c01f9c9a1dd40",81,567464,"https://open.spotify.com/artist/77AiFEVeAVj2ORpC85QVJs","77AiFEVeAVj2ORpC85QVJs",2721514
228,"The Aston Shuffle","WME","aussietronica, australian dance, deep groove house","https://i.scdn.co/image/b39333e53a94821f03860f9069ab1714552e4ed5",48,774382,"https://open.spotify.com/artist/4Jv9I6DAbcjDa8HGFAjv94","4Jv9I6DAbcjDa8HGFAjv94",27916
229,"The Avalanches","WME","alternative dance, australian dance, electronic, indietronica, neo-psychedelic, new rave","https://i.scdn.co/image/f107aee9884d6595112008973f3117224d083ee1",57,16256,"https://open.spotify.com/artist/3C8RpaI3Go0yFF9whvKoED","3C8RpaI3Go0yFF9whvKoED",195061
230,"The Chemical Brothers","WME","alternative dance, big beat, breakbeat, electronic, new rave, trip hop","https://i.scdn.co/image/5dd9cfeb73ad85ab7ad9a0dcad06b91b978cf72b",65,220274,"https://open.spotify.com/artist/1GhPHrq36VKCY3ucVaZCfo","1GhPHrq36VKCY3ucVaZCfo",832379
231,"The Martinez Brothers","WME","deep disco house, minimal tech house, minimal techno","https://i.scdn.co/image/beb26511ed7706a1cb89ffdd316d982770587c56",42,1414872,"https://open.spotify.com/artist/7B1LLuCQk13H4Mb6CFBftU","7B1LLuCQk13H4Mb6CFBftU",79485
232,"The Him","WME","deep house, deep tropical house, edm, electro house, house, tropical house, tropical pop edm","https://i.scdn.co/image/cf8bc09f77abcab59932b17485f385e6307d0c6b",65,338751,"https://open.spotify.com/artist/5WdqBAQhGFCrZvBKXiPIu7","5WdqBAQhGFCrZvBKXiPIu7",33991
233,"Thievery Corporation","WME","acid jazz, downtempo, electronic, nu jazz, trip hop","https://i.scdn.co/image/7e1f7ad6e0cd4aad43e71a88a942283004d68c85",64,114197,"https://open.spotify.com/artist/25KNo5GDS6ZpLkjasaecA3","25KNo5GDS6ZpLkjasaecA3",388224
234,"Thomas Jack","WME","deep house, deep tropical house, tropical house","https://i.scdn.co/image/1e654b4d6366cf40541ec9c678a5d6e84353679a",53,7366274,"https://open.spotify.com/artist/6JmzdIDSQdeHg0pocIascm","6JmzdIDSQdeHg0pocIascm",63230
235,"Trentemøller","WME","danish electro-pop, electronic, microhouse, minimal techno, trip hop","https://i.scdn.co/image/944c34cd632a67139c3205c3281ed8935b6fb3ab",54,218998,"https://open.spotify.com/artist/4O71i7ke5iIBX6RNSFoZbS","4O71i7ke5iIBX6RNSFoZbS",213558
236,"Underworld","WME","acid house, big beat, electronic, trip hop","https://i.scdn.co/image/be59a52eaa8f103ccb684a7471cacf56bc6db6c8",58,462490,"https://open.spotify.com/artist/1PXHzxRDiLnjqNrRn2Xbsa","1PXHzxRDiLnjqNrRn2Xbsa",226930
237,"Tiga","WME","alternative dance, dance-punk, electroclash, filter house, new rave, tech house","https://i.scdn.co/image/16411908b261c67ceeefb78681b09caaeb8de931",51,242571,"https://open.spotify.com/artist/5l9wiTZVfqQTfMDOt0HtwC","5l9wiTZVfqQTfMDOt0HtwC",62888
238,"Trippy Turtle","WME","escape room","https://i.scdn.co/image/aa34928f8c452e27539b8cc7e06ac1854a02c9a8",26,7454274,"https://open.spotify.com/artist/0J8GXvnNqXWaDikoYCbDlt","0J8GXvnNqXWaDikoYCbDlt",10497
239,"Virtual Self","WME","brostep, edm, electro house, electronic trap","https://i.scdn.co/image/8ece4806e0f6dd106664bb2a0ffbbc838a4c66c8",53,9308489,"https://open.spotify.com/artist/0F52YLV7uWqaJfMMDgG737","0F52YLV7uWqaJfMMDgG737",41892
240,"Willaris. K","WME","aussietronica, deep australian indie","https://i.scdn.co/image/60cfda92b1a297dfa3cd4dd611fa06d7f6450d22",39,9092624,"https://open.spotify.com/artist/6ZHeg2Op5ZkNppXbNLSglj","6ZHeg2Op5ZkNppXbNLSglj",5701
241,"Yotto","WME","edm, finnish edm, progressive house, tropical house","https://i.scdn.co/image/49eba4e23984d050628ce80e4f360be0c4719bda",56,8620979,"https://open.spotify.com/artist/5Dyfxq0ZrFjjeFBdSNxDbo","5Dyfxq0ZrFjjeFBdSNxDbo",37495
242,"Zedd","WME","complextro, dance pop, edm, german techno, pop, post-teen pop, tropical house","https://i.scdn.co/image/019b8d30dfda54e54dcb2067f0753aa77310e14d",86,992104,"https://open.spotify.com/artist/2qxJFvFYMEDqd7ui6kSAcq","2qxJFvFYMEDqd7ui6kSAcq",3467205
243,"ZHU","WME","edm","https://i.scdn.co/image/586bdfea7cabd49379f446295414f8a76b444f80",72,1183857,"https://open.spotify.com/artist/28j8lBWDdDSHSSt5oPlsX2","28j8lBWDdDSHSSt5oPlsX2",384799
244,"Bobby Burns","WME","progressive electro house","https://i.scdn.co/image/ca5b044709cf6016ca14c9fae7c4ccfc77f6d62f",23,947596,"https://open.spotify.com/artist/0FhsW40UydsdpNcKlkJEKC","0FhsW40UydsdpNcKlkJEKC",1558
314,"Alex Winston","CAA","indie poptimism, metropopolis, shimmer pop","https://i.scdn.co/image/0d2078436e294a79311dd976af47b36ead754bd3",38,589891,"https://open.spotify.com/artist/3REwdws53wUuid8AatTTMh","3REwdws53wUuid8AatTTMh",26012
315,"Alle Farben","CAA","deep euro house, tropical house","https://i.scdn.co/image/371dc4c6f7683a4a6c2ae02051c9c85e642ec55f",70,980743,"https://open.spotify.com/artist/61ipISvUVa5LkJlKZnm3Oo","61ipISvUVa5LkJlKZnm3Oo",180462
316,"Anna Of The North","CAA","electropop, indie poptimism, vapor pop, vapor soul","https://i.scdn.co/image/4d6fcb6e3eb99d809ef06fed63df6fa2f3c0a4de",68,8353363,"https://open.spotify.com/artist/1mSJCvDX0W7Dn7S9C6vmvI","1mSJCvDX0W7Dn7S9C6vmvI",65051
317,"Arctic Lake","CAA","chamber pop, indie anthem-folk, indie electro-pop, vapor pop, vapor soul","https://i.scdn.co/image/89675f7d87193054e3c9298fb2609975fc1c5624",47,6882054,"https://open.spotify.com/artist/0IEPb9ily3E5IAYMSkwtQ6","0IEPb9ily3E5IAYMSkwtQ6",11508
318,"Art vs Science","CAA","australian dance, australian hip hop, deep australian indie","https://i.scdn.co/image/3ce93db163026ae479a0d2cc9c4e67ad639e57fb",37,2382484,"https://open.spotify.com/artist/4MlrZKzgi3UuZi2iDKjOar","4MlrZKzgi3UuZi2iDKjOar",23635
319,"Atoms For Peace","CAA","modern alternative rock","https://i.scdn.co/image/9b1ffc6a92b4c3e384b28e636acd6019de3854ca",43,862838,"https://open.spotify.com/artist/7tA9Eeeb68kkiG9Nrvuzmi","7tA9Eeeb68kkiG9Nrvuzmi",85697
320,"Astrid S","CAA","dance pop, edm, electropop, norwegian pop, pop, post-teen pop, tropical house, viral pop","https://i.scdn.co/image/95f96e130894e6a5a55f11828371cc0f61f9ecee",71,8499423,"https://open.spotify.com/artist/3AVfmawzu83sp94QW7CEGm","3AVfmawzu83sp94QW7CEGm",293679
321,"Autograf","CAA","deep tropical house, edm, indian indie, indie poptimism, tropical house, vapor soul, vapor twitch","https://i.scdn.co/image/c076c681862fbd0c8433057dd2371dd605323a75",60,7413259,"https://open.spotify.com/artist/0FVj4JuzTyudaXAwfqDQ20","0FVj4JuzTyudaXAwfqDQ20",58338
322,"Becky Hill","CAA","pop house","https://i.scdn.co/image/529c413bc37be225e9760956f1560404e14ae7ad",71,5518983,"https://open.spotify.com/artist/4EPJlUEBy49EX1wuFOvtjK","4EPJlUEBy49EX1wuFOvtjK",43138
323,"Bailo","CAA","bass trap","https://i.scdn.co/image/1f2e85072e5a69dae4dce837aa36449ee418bd43",40,8873124,"https://open.spotify.com/artist/3oLbNoZxAYO4KsXmx6PjTC","3oLbNoZxAYO4KsXmx6PjTC",7120
324,"Bedouin","CAA","deep melodic euro house","https://i.scdn.co/image/abc36fe9c77ec243fdf292c3eeb72f4e6e666ad0",46,77569,"https://open.spotify.com/artist/5bKdC6382t97Qnpvs81Rqx","5bKdC6382t97Qnpvs81Rqx",23074
325,"Bella Thorne","CAA","post-teen pop","https://i.scdn.co/image/bc703933ce74bc0e847557023d409aa0588cc571",56,5012408,"https://open.spotify.com/artist/58AqJv0sDFPFnnBcLT8eeX","58AqJv0sDFPFnnBcLT8eeX",566468
326,"The Black Eyed Peas","CAA","dance pop, pop, pop rap","https://i.scdn.co/image/8187a0a248d8d17c6fbec79f8fdc2aa87a953369",78,451661,"https://open.spotify.com/artist/1yxSLGMDHlW21z4YXirZDS","1yxSLGMDHlW21z4YXirZDS",2919580
327,"Bloc Party","CAA","alternative dance, alternative rock, dance-punk, garage rock, indie pop, indie rock, indietronica, modern rock, new rave, rock","https://i.scdn.co/image/b072d2cc07280417ab7a05c54faf108364e6b750",64,443396,"https://open.spotify.com/artist/3MM8mtgFzaEJsqbjZBSsHJ","3MM8mtgFzaEJsqbjZBSsHJ",632633
328,"Booka Shade","CAA","electronic, german techno, microhouse, minimal techno, tech house","https://i.scdn.co/image/8c0fbe0fb1c86825adeb18bf0a019a22827c4422",51,295932,"https://open.spotify.com/artist/2CKaDZ1Yo8YnWega9IeUzB","2CKaDZ1Yo8YnWega9IeUzB",113011
329,"Brasstracks","CAA","vapor twitch","https://i.scdn.co/image/98de1cb5a1e903a164b6b7ccc56a2607ed7242c7",53,8608019,"https://open.spotify.com/artist/5sKvgmG84C0bIMWeS2SRPr","5sKvgmG84C0bIMWeS2SRPr",33640
330,"CADE","CAA","edm","https://i.scdn.co/image/d019dcfeddaa2e14603de78246b310b1d63f9044",71,482264,"https://open.spotify.com/artist/0CEK8AzyeD5ZUdUloB6yQV","0CEK8AzyeD5ZUdUloB6yQV",39129
331,"Capital Cities","CAA","alternative dance, metropopolis, modern rock, pop","https://i.scdn.co/image/20ff4095012395a58d4a925bd1b5bb87e6fbf8d9",66,3216791,"https://open.spotify.com/artist/4gwpcMTbLWtBUlOijbVpuu","4gwpcMTbLWtBUlOijbVpuu",582798
332,"Caravan Palace","CAA","electro swing, nu jazz","https://i.scdn.co/image/adc8c619e766119fabd784a257d6376a653d41ea",65,603864,"https://open.spotify.com/artist/37J1PlAkhRK7yrZUtqaUpQ","37J1PlAkhRK7yrZUtqaUpQ",450087
333,"Cheat Codes","CAA","dance pop, edm, pop, post-teen pop, tropical house","https://i.scdn.co/image/0f6720d934d15b156c71ed69acc3c975cd929b04",81,8757834,"https://open.spotify.com/artist/7DMveApC7UnC2NPfPvlHSU","7DMveApC7UnC2NPfPvlHSU",866180
334,"Christine and the Queens","CAA","art pop, metropopolis, shimmer pop","https://i.scdn.co/image/92429222dd1be8f6232c53c23348d705d8d8f30e",69,4183826,"https://open.spotify.com/artist/04vj3iPUiVh5melWr0w3xT","04vj3iPUiVh5melWr0w3xT",298273
335,"Cedric Gervais","CAA","big room, edm, electro house, house, progressive house","https://i.scdn.co/image/58bca86a22cb90719e4a438705e5e9e4312941b0",70,566827,"https://open.spotify.com/artist/4Wjf8diP59VmPG7fi4y724","4Wjf8diP59VmPG7fi4y724",79453
336,"Chromeo","CAA","alternative dance, filter house, indie poptimism, indietronica, new rave, nu disco","https://i.scdn.co/image/d3845b0119f4cb5375847b0b7bf93b43d942077b",62,472397,"https://open.spotify.com/artist/2mV8aJphiSHYJf43DxL7Gt","2mV8aJphiSHYJf43DxL7Gt",245965
337,"Client Liaison","CAA","aussietronica, deep australian indie","https://i.scdn.co/image/864b87712749e78d33f660f69c4e3052423d812b",50,5784109,"https://open.spotify.com/artist/5TjlxSJvfrD5I2PWaEh4jZ","5TjlxSJvfrD5I2PWaEh4jZ",28119
338,"Cosmo's Midnight","CAA","aussietronica, australian dance, deep australian indie, indie dream pop, vapor soul","https://i.scdn.co/image/c02548c910b9a23d427d7d89fd0a4651f5244877",59,6984544,"https://open.spotify.com/artist/4VivsO1n4n2Mi2Btyb5gfL","4VivsO1n4n2Mi2Btyb5gfL",43351
339,"Conway Twitty","CAA","country, country gospel, country rock, cowboy western, nashville sound, outlaw country, traditional country","https://i.scdn.co/image/135e2c7a21b4a1d7606504e89821d41ab47ab2a5",59,603789,"https://open.spotify.com/artist/7gi3jmwpUpNWdswT8eEprF","7gi3jmwpUpNWdswT8eEprF",266397
340,"Crystal Fighters","CAA","alternative dance, indietronica, new rave","https://i.scdn.co/image/7bb96ad6eb41f0de7f62abd79e2aedff25fc31e3",59,2331800,"https://open.spotify.com/artist/75EZuo5MHV2572NRpMWotC","75EZuo5MHV2572NRpMWotC",297410
341,"Daft Punk","CAA","electro, electronic, filter house","https://i.scdn.co/image/1914cb5697a8d1564dba418a27a7551d7243b79c",82,368193,"https://open.spotify.com/artist/4tZwfgrHOc3mvqYlEYSvVi","4tZwfgrHOc3mvqYlEYSvVi",4718616
342,"DallasK","CAA","complextro, deep big room, electro house","https://i.scdn.co/image/d36281cd502e5f0f2b8b27d40ac11669800a1f25",56,4069041,"https://open.spotify.com/artist/7uas0F5EhsZg6KDJ7yy7rW","7uas0F5EhsZg6KDJ7yy7rW",29726
343,"David Guetta","CAA","dance pop, edm, pop","https://i.scdn.co/image/ce083ade33c047d3f2a72d1cfba3bb2f10e7ecea",91,149066,"https://open.spotify.com/artist/1Cs0zKBU1kc0i8ypK3B9ai","1Cs0zKBU1kc0i8ypK3B9ai",16303361
344,"Deepend","CAA","deep house, deep tropical house, tropical house","https://i.scdn.co/image/38e4a14e35ebe199d189d87e6142003379392458",66,1066259,"https://open.spotify.com/artist/0uGApGjjFXKwUOAqYBeX7B","0uGApGjjFXKwUOAqYBeX7B",13511
345,"Dena Amy","CAA","aussietronica","https://i.scdn.co/image/fa1bb684bab37f7ff14fb195851b3565a0f41705",27,8757759,"https://open.spotify.com/artist/6A1M7uYGABvWsuIPrMaGLM","6A1M7uYGABvWsuIPrMaGLM",3313
346,"Desert Hearts","CAA","northern irish indie","https://i.scdn.co/image/341ea3af15abdfffbea3f384a457035bc34cb488",4,167265,"https://open.spotify.com/artist/7h0PjBmWXxgVosWIokFmYk","7h0PjBmWXxgVosWIokFmYk",580
347,"Detlef","CAA","house, latvian pop","https://i.scdn.co/image/a4898d60de60d85d7d9003cd129a1621c50db36a",44,348777,"https://open.spotify.com/artist/5lZ8HC92jRDlyeq0vSxGeI","5lZ8HC92jRDlyeq0vSxGeI",9963
348,"Digital Farm Animals","CAA","dance pop, house, tropical house","https://i.scdn.co/image/d6db6251f00bd53d780dbbdb1a32d54d1001f1c4",74,5304358,"https://open.spotify.com/artist/5fyDppLDl1juIu1BcUT5zh","5fyDppLDl1juIu1BcUT5zh",27907
349,"Dimitri Vegas & Like Mike","CAA","big room, dance pop, deep big room, dutch hip hop, edm, electro house, progressive electro house, tropical house","https://i.scdn.co/image/eff27d6bad518db27930f3553a87ec8c41cae922",75,744136,"https://open.spotify.com/artist/73jBynjsVtofjRpdpRAJGk","73jBynjsVtofjRpdpRAJGk",1983239
350,"Dr. Fresch","CAA","brostep, electro house, electronic trap","https://i.scdn.co/image/36d9b0d95a0731bc7d851d9ad879f4c26eef0db4",50,7452984,"https://open.spotify.com/artist/1htHgbGwgCWJBfGiQwcRqC","1htHgbGwgCWJBfGiQwcRqC",22505
351,"Elephante","CAA","big room, edm, electropop, indie poptimism, pop, tropical house, tropical pop edm","https://i.scdn.co/image/ce666731f1f55af987e96726d7ef38d35e8107ff",66,4375943,"https://open.spotify.com/artist/3fjs4zbBFxEFFe8Wyojo0G","3fjs4zbBFxEFFe8Wyojo0G",66242
352,"Elderbrook","CAA","aussietronica, tropical house, vapor soul","https://i.scdn.co/image/6b30598f93c4027fdc9145860124127f0280a5c5",67,8456948,"https://open.spotify.com/artist/2vf4pRsEY6LpL5tKmqWb64","2vf4pRsEY6LpL5tKmqWb64",47365
353,"Far East Movement","CAA","dance pop, edm, pop, pop rap","https://i.scdn.co/image/93b2785adf676fad08b852122e6e48753c3d966b",67,556916,"https://open.spotify.com/artist/698hF4vcwHwPy8ltmXermq","698hF4vcwHwPy8ltmXermq",771154
354,"Feder","CAA","tropical house","https://i.scdn.co/image/092e0cd7762f305040a2d5010bea9e61a2d70fc4",59,405383,"https://open.spotify.com/artist/5KnoVkIUGmK0PiDKMjz2LM","5KnoVkIUGmK0PiDKMjz2LM",98110
355,"Flight Facilities","CAA","alternative dance, aussietronica, australian dance, deep australian indie, indietronica, nu disco","https://i.scdn.co/image/c7386aff7f0b441e42f0c5a8339808379aed643e",65,3160066,"https://open.spotify.com/artist/1lc8mnyGrCLtPhCoWjRxjM","1lc8mnyGrCLtPhCoWjRxjM",285099
356,"Fono","CAA","house","https://i.scdn.co/image/141d39463f1634ba4edd4309944ee6d2e08c3116",35,491814,"https://open.spotify.com/artist/1vtVWuhm24XgrbnuBF6CcI","1vtVWuhm24XgrbnuBF6CcI",3107
357,"Francis and the Lights","CAA","electropop","https://i.scdn.co/image/f156b2cd12a265503ff3cbf9f4682a5f74042e28",61,2379743,"https://open.spotify.com/artist/23EA28263XvtIrXuySX6oI","23EA28263XvtIrXuySX6oI",85198
358,"Forest Swords","CAA","ambient, art pop, bass music, chamber psych, chillwave, dark jazz, experimental pop, fluxwork, grave wave, hauntology, indie r&b, indietronica, microhouse, vaporwave, wonky","https://i.scdn.co/image/154fc533b9d28957a884d7f4e411cdc3bd7cc3b9",46,2607341,"https://open.spotify.com/artist/2VarlUiM6Lw0SA7BvwVPRP","2VarlUiM6Lw0SA7BvwVPRP",47352
359,"G Jones","CAA","brostep, electronic trap, vapor twitch","https://i.scdn.co/image/9fa6a81a4d32843a52711d5dce434c25d3a6f3fc",47,1345150,"https://open.spotify.com/artist/0gXx2aQ2mfovDfqCw10MQC","0gXx2aQ2mfovDfqCw10MQC",21729
360,"Galcher Lustwerk","CAA","float house, fluxwork, microhouse, outsider house","https://i.scdn.co/image/2b0d9dc322fde5d65fe24a68a88ba167963e52fc",36,7391574,"https://open.spotify.com/artist/1c7bxvBwJrMuZKwx4EDPHf","1c7bxvBwJrMuZKwx4EDPHf",6672
361,"GRiZ","CAA","edm, electro house","https://i.scdn.co/image/985ae4780b04cc4eed72a4ce7a0d3aac03f13a0a",59,168568,"https://open.spotify.com/artist/25oLRSUjJk4YHNUsQXk7Ut","25oLRSUjJk4YHNUsQXk7Ut",188081
362,"Galimatias","CAA","chillstep, indie r&b, vapor soul, vapor twitch","https://i.scdn.co/image/17f9498b460c31317deb4dcd1ab70ba14baea20d",65,8588684,"https://open.spotify.com/artist/0tOrKkXIn3VYyVHFEPG6Xd","0tOrKkXIn3VYyVHFEPG6Xd",72509
363,"Gesaffelstein","CAA","destroy techno, electro house","https://i.scdn.co/image/6aa408710f66096691cbc4df8ce35c3874a59bef",66,1893369,"https://open.spotify.com/artist/3hteYQFiMFbJY7wS0xDymP","3hteYQFiMFbJY7wS0xDymP",192033
364,"Glass Animals","CAA","gauze pop, indietronica, modern alternative rock, modern rock, shiver pop","https://i.scdn.co/image/59b343dde9c41a80eef70b5c3c7bc93f5c0fc8ed",71,1406962,"https://open.spotify.com/artist/4yvcSjfu4PC0CYQyLy4wSq","4yvcSjfu4PC0CYQyLy4wSq",798319
365,"GoldLink","CAA","hip hop, indie r&b, pop rap, rap, underground hip hop","https://i.scdn.co/image/5200febf3c2334d7b392efd05ac73f1da05255b6",73,8000418,"https://open.spotify.com/artist/5XenQ7XfcvQdfIbpLEFaKQ","5XenQ7XfcvQdfIbpLEFaKQ",389296
366,"Goldroom","CAA","alternative dance, chillwave, indie poptimism, indietronica, nu disco, shimmer pop, tropical house","https://i.scdn.co/image/177c779b0f500abe7c6802fc49e349ca56284fff",53,1959719,"https://open.spotify.com/artist/4eZebkMFU3xelF8mbZYXyl","4eZebkMFU3xelF8mbZYXyl",74869
367,"Gramatik","CAA","chillhop, downtempo, jazz boom bap, nu jazz, trip hop","https://i.scdn.co/image/6f51ca7506336a25564e32dd9d9465fbe0d6e85d",62,1594652,"https://open.spotify.com/artist/179BpmLkQCRIoU68Co80f5","179BpmLkQCRIoU68Co80f5",441210
368,"Grouplove","CAA","indie pop, indie rock, indietronica, la indie, modern alternative rock, modern rock, rock, stomp and holler","https://i.scdn.co/image/0763ebd8606dc0a33984b7901ebdd9966d79ff24",68,3231926,"https://open.spotify.com/artist/3kVUvbeRdcrqQ3oHk5hPdx","3kVUvbeRdcrqQ3oHk5hPdx",664950
369,"Grandtheft","CAA","bass trap, electronic trap","https://i.scdn.co/image/8e84aee4bf1cb564b03e05c005ef97cacd30750b",50,1487940,"https://open.spotify.com/artist/4R0EwsTKt1LIFcdezmuezM","4R0EwsTKt1LIFcdezmuezM",51040
370,"H.E.R.","CAA","indie r&b, pop, r&b","https://i.scdn.co/image/db35f97fba5e334b8a1a10285e8bc462c8b89f12",79,375523,"https://open.spotify.com/artist/3Y7RZ31TRPVadSFVy1o8os","3Y7RZ31TRPVadSFVy1o8os",824526
371,"Hayden James","CAA","aussietronica, edm, gauze pop, house, indietronica, tropical house","https://i.scdn.co/image/580e8d2041c89c19e9c2774734181c06db656a08",66,7815964,"https://open.spotify.com/artist/4csQIMQm6vI2A2SCVDuM2z","4csQIMQm6vI2A2SCVDuM2z",105863
372,"Henry Wu","CAA","british jazz, broken beat, deep house, indie jazz","https://i.scdn.co/image/381a6883d9a731e5d26e1ea9b86816b5430bf05f",42,5419488,"https://open.spotify.com/artist/0IvTgqmNuZwVjEkkjzxLha","0IvTgqmNuZwVjEkkjzxLha",10292
373,"Hernan Cattaneo","CAA","microhouse","https://i.scdn.co/image/6ddacf3604d919a85e26cbd87239e9a6b86fc7b4",40,265781,"https://open.spotify.com/artist/4mpJaw5y17CIN08qqe8EfB","4mpJaw5y17CIN08qqe8EfB",67429
374,"Herobust","CAA","bass trap, brostep, edm, electro house, electronic trap, moombahton, zapstep","https://i.scdn.co/image/4c29456c985633ce4d810afeed271b76f48e1757",52,4010436,"https://open.spotify.com/artist/43tAs3kRWvyu1B7eZOv2pp","43tAs3kRWvyu1B7eZOv2pp",56281
375,"Hucci","CAA","bass trap, electronic trap, vapor twitch, wave","https://i.scdn.co/image/f47f152f7f0e4260dc414332a258d8bcc4625d58",42,6826324,"https://open.spotify.com/artist/1wJNeTGqvB8WVYak3HC3pk","1wJNeTGqvB8WVYak3HC3pk",36411
376,"Holy Ghost!","CAA","alternative dance, chillwave, dance-punk, filter house, indie psych-rock, indietronica, neo-synthpop, new rave, nu disco, shimmer pop","https://i.scdn.co/image/c427a337a78206317fe7ab42f44e2fbc194f52bd",47,272953,"https://open.spotify.com/artist/2Vhc7Y0Kc6HzMC6glKM4h6","2Vhc7Y0Kc6HzMC6glKM4h6",68919
377,"Jade Cicada","CAA","glitch hop","https://i.scdn.co/image/6bf38c2a98bbfe910185f4e6fc11c718deb03c7f",38,8632099,"https://open.spotify.com/artist/6HFxqZ6WaTb7TQUhNsK25o","6HFxqZ6WaTb7TQUhNsK25o",7101
378,"Icona Pop","CAA","candy pop, dance pop, electropop, metropopolis, pop, swedish electropop, swedish synthpop","https://i.scdn.co/image/bb035d6b00fe92a6ff3793f9b710e64f2706aa26",67,4030766,"https://open.spotify.com/artist/1VBflYyxBhnDc9uVib98rw","1VBflYyxBhnDc9uVib98rw",605334
379,"IHF","CAA","vapor soul, vapor twitch","https://i.scdn.co/image/05b35fb6a059c683da89af467d75356e9791fdf8",47,2319311,"https://open.spotify.com/artist/34P1IGH1mIqdaVkfRuTebV","34P1IGH1mIqdaVkfRuTebV",7263
380,"Jack Garratt","CAA","indie r&b","https://i.scdn.co/image/528501e25a55c0553d908a4c0abdbfb42f1e185b",59,937546,"https://open.spotify.com/artist/1Zp054Jc86WVKCxKEqZGOA","1Zp054Jc86WVKCxKEqZGOA",294447
381,"Hudson Mohawke","CAA","bass music, scottish hip hop, wonky","https://i.scdn.co/image/ab2775c046ce108d1e2d340588f503529a2cd6c5",49,674970,"https://open.spotify.com/artist/6olWbKW2VLhFCHfOi0iEDb","6olWbKW2VLhFCHfOi0iEDb",86078
382,"Jagwar Ma","CAA","alternative dance, australian alternative rock, indietronica","https://i.scdn.co/image/930b425212c936ae5502285584301e77541d30ae",41,5246973,"https://open.spotify.com/artist/6fEO1r9Y9TYL9O4w5kVPmc","6fEO1r9Y9TYL9O4w5kVPmc",90857
383,"Jadu Heart","CAA","indie r&b, indietronica, vapor soul, vapor twitch","https://i.scdn.co/image/618947ffee0af463995d50e0abf9d1945904e7a9",50,8753129,"https://open.spotify.com/artist/7vjRpVXoecwKTEsrb9iscj","7vjRpVXoecwKTEsrb9iscj",14750
384,"Joe Jonas","CAA","post-teen pop","https://i.scdn.co/image/c5c79f7fd7c5ed11b629ac5a3a2a912a897787a3",65,1999413,"https://open.spotify.com/artist/7gbmX8SsfjEjxDMzBi1ZOL","7gbmX8SsfjEjxDMzBi1ZOL",504547
385,"Janelle Kroll","CAA","indie electro-pop","https://i.scdn.co/image/f1e913c36aec032a29d31653c9106d319a46475f",53,2355050,"https://open.spotify.com/artist/50bLYJ4e3ZR2chodK8oMW9","50bLYJ4e3ZR2chodK8oMW9",6177
386,"Jerome Price","CAA","deep groove house","https://i.scdn.co/image/f5f62ffd219b8a9c4be43a69e2dc38e8ea8acdd5",40,7158449,"https://open.spotify.com/artist/4EREP1nDxGjXE6V4sOuUy8","4EREP1nDxGjXE6V4sOuUy8",2334
387,"Jamie Jones","CAA","deep disco house, deep house, house, minimal tech house, minimal techno, tech house","https://i.scdn.co/image/9a1ae80e31c649fcfd2c9239364e6722a5d263c0",50,160258,"https://open.spotify.com/artist/4admDxmnri5Zco0xYrJ0ji","4admDxmnri5Zco0xYrJ0ji",108368
388,"Kasbo","CAA","catstep, edm, electropop, indie poptimism, swedish electropop, tropical house, vapor soul, vapor twitch","https://i.scdn.co/image/555a5dc9cd8020c9552bd5e1b414e72e98cbe627",65,8898454,"https://open.spotify.com/artist/1ikID9RZZMvkuBGDWrqajq","1ikID9RZZMvkuBGDWrqajq",51604
389,"Justin Caruso","CAA","tropical pop edm","https://i.scdn.co/image/917f144bdf593c2078ac115da44677a682d354f7",53,8690929,"https://open.spotify.com/artist/1NyxTiCivDmzgFWYD1V01m","1NyxTiCivDmzgFWYD1V01m",10412
390,"KDA","CAA","deep groove house, house","https://i.scdn.co/image/c53f3d41bf02264dfa27520b8f9c486886a8ac80",55,204078,"https://open.spotify.com/artist/3EK3opK9Hp93HJjBPupzfg","3EK3opK9Hp93HJjBPupzfg",10660
391,"Mayuko Kamio","CAA","japanese classical performance, violin","https://i.scdn.co/image/a8fb9989f3b90e46154d201581a3d878f9f1caaf",13,937963,"https://open.spotify.com/artist/7y5nYx9fT5eqX2UJvCZqjF","7y5nYx9fT5eqX2UJvCZqjF",760
392,"Kraddy","CAA","glitch hop","https://i.scdn.co/image/9af926f32f071e1b65bc64da3ef2303cece49438",39,526089,"https://open.spotify.com/artist/4oz8w4VbKJIgBUkLRCJgm7","4oz8w4VbKJIgBUkLRCJgm7",32931
393,"Kidnap","CAA","future garage","https://i.scdn.co/image/8f4d72ca0e457e0f1a91bb3a0af466588ffe5b67",47,406747,"https://open.spotify.com/artist/3PvqCbhNlq96JXxPszCMZT","3PvqCbhNlq96JXxPszCMZT",36834
394,"Klingande","CAA","deep house, deep tropical house, edm, tropical house","https://i.scdn.co/image/36a7590dfc4ff978ee3b112a12d06c571ada7bfd",69,6982489,"https://open.spotify.com/artist/1L9i6qZYIGQedgM9QLSyzb","1L9i6qZYIGQedgM9QLSyzb",285160
395,"Kungs","CAA","deep tropical house, edm, pop, tropical house","https://i.scdn.co/image/ef69d40757e66855aad1a8264c8507f94c609aef",70,8495643,"https://open.spotify.com/artist/7keGfmQR4X5w0two1xKZ7d","7keGfmQR4X5w0two1xKZ7d",431535
396,"Kylie Minogue","CAA","australian dance, australian pop, dance pop, electropop, eurodance, europop, new wave pop, pop, pop rock","https://i.scdn.co/image/ecdb66b55178aa18aab936a53ccbb1b047fe5446",70,345678,"https://open.spotify.com/artist/4RVnAU35WRWra6OZ3CbbMA","4RVnAU35WRWra6OZ3CbbMA",670836
397,"KRANE","CAA","bass trap, brostep, electronic trap, tropical pop edm, vapor twitch, wave","https://i.scdn.co/image/ee1f077fe515b6c54f69c7f0555f9b34dd821a3d",51,8978334,"https://open.spotify.com/artist/2aOoD3zsuYforFcDvUpZoH","2aOoD3zsuYforFcDvUpZoH",32189
398,"Lee Burridge","CAA","deep melodic euro house, minimal tech house, tech house","https://i.scdn.co/image/b3418572fa013aa747ffc67963d43d4ca11eb7de",46,63864,"https://open.spotify.com/artist/0334oJHhRSKJRHKpE9i62h","0334oJHhRSKJRHKpE9i62h",19858
399,"Little Dragon","CAA","alternative dance, art pop, chillwave, downtempo, electronic, electropop, indie r&b, indietronica, neo soul, new rave, swedish electropop, swedish synthpop, trip hop","https://i.scdn.co/image/c4478d34ed900a023fb8a29957cba0cb97aee70e",66,2561,"https://open.spotify.com/artist/6Tyzp9KzpiZ04DABQoedps","6Tyzp9KzpiZ04DABQoedps",403415
400,"Lee Foss","CAA","deep disco house, deep house, house, minimal tech house","https://i.scdn.co/image/fe1415ba951e642adf23bcf7cf252ee56d03a860",46,628222,"https://open.spotify.com/artist/44T94QQEc60Jf7kqGY6Rip","44T94QQEc60Jf7kqGY6Rip",34274
401,"Loosid","CAA","catstep","https://i.scdn.co/image/386421ac64e839bed2a1aad29b2155445e816caa",36,8779964,"https://open.spotify.com/artist/08yt0VBNhmjTKfuZvt8ALq","08yt0VBNhmjTKfuZvt8ALq",4226
402,"Kaleida","CAA","electropop, metropopolis, vapor pop","https://i.scdn.co/image/419196297307f88aefad539b55215637b23ec962",48,210174,"https://open.spotify.com/artist/6zyPKJ4ePhYLsBEy4A6BVX","6zyPKJ4ePhYLsBEy4A6BVX",26379
403,"Jonny Greenwood","CAA","british contemporary classical, british soundtrack, compositional ambient, soundtrack","https://i.scdn.co/image/a8df4de95fbf1b76a98b01a683f3f5cc0738064b",51,330185,"https://open.spotify.com/artist/0z9s3P5vCzKcUBSxgBDyLU","0z9s3P5vCzKcUBSxgBDyLU",51400
404,"Lana Del Rey","CAA","dance pop, pop","https://i.scdn.co/image/56a3782b07eab32b5340f164c566349450ee84cd",84,2867646,"https://open.spotify.com/artist/00FQb4jTyendYWaN8pK0wa","00FQb4jTyendYWaN8pK0wa",7142726
405,"Lykke Li","CAA","art pop, chamber pop, electropop, folk-pop, indie pop, indie r&b, indietronica, pop, swedish electropop, swedish indie pop, swedish pop","https://i.scdn.co/image/eebaf06a86ea9b59f8701fc95c5d39e1b441608c",69,975680,"https://open.spotify.com/artist/6oBm8HB0yfrIc9IHbxs6in","6oBm8HB0yfrIc9IHbxs6in",1088704
406,"Mallrat","CAA","aussietronica, deep australian indie, electropop, vapor soul","https://i.scdn.co/image/e2f9f18773056b4672e011a61573a5decba41586",63,8718779,"https://open.spotify.com/artist/4OSArit7O2Jaj4mgf3YN7A","4OSArit7O2Jaj4mgf3YN7A",39732
407,"Lost Frequencies","CAA","deep tropical house, edm, pop, tropical house","https://i.scdn.co/image/409282be5ed84091f39786e64dc94500122537ea",75,8423943,"https://open.spotify.com/artist/7f5Zgnp2spUuuzKplmRkt7","7f5Zgnp2spUuuzKplmRkt7",969441
408,"MSTRKRFT","CAA","alternative dance, dance-punk, electro house, filter house, new rave","https://i.scdn.co/image/853b5e08a13344b538904f0b81b6b205a8faabbf",41,32946,"https://open.spotify.com/artist/2squZ8HjM4AzR0j6jsPn4a","2squZ8HjM4AzR0j6jsPn4a",67911
409,"mansionz","CAA","emo rap, pop, pop rap","https://i.scdn.co/image/e8e932b93506e47dccc859fe0387218e885a3f99",65,8937979,"https://open.spotify.com/artist/2o8lOQRjzsSC8UdbNN88HN","2o8lOQRjzsSC8UdbNN88HN",145400
410,"Kraftwerk","CAA","art pop, art rock, dance rock, electro, electronic, german techno, krautrock, new romantic, new wave, synthpop","https://i.scdn.co/image/1142c1fcfe958a3b0e3000c08840dee5ed0949b2",56,507825,"https://open.spotify.com/artist/0dmPX6ovclgOy8WWJaFEUU","0dmPX6ovclgOy8WWJaFEUU",307113
411,"Markus Schulz","CAA","big room, edm, progressive house, progressive trance, trance, uplifting trance","https://i.scdn.co/image/f075f8612b99d602ce01d6cd19bd55ee281bf727",55,282481,"https://open.spotify.com/artist/6OO0PboZcIWUWL7j2IyeoL","6OO0PboZcIWUWL7j2IyeoL",163893
412,"Max Frost","CAA","austindie, indie pop, indie poptimism, indietronica, modern alternative rock, modern rock","https://i.scdn.co/image/ebcdd1a279a513ec298eee863a07478f9e9326bb",61,5212623,"https://open.spotify.com/artist/7r8xR0LmnaAM623MmRDn1V","7r8xR0LmnaAM623MmRDn1V",56159
413,"Mike WiLL Made-It","CAA","gangster rap, hip hop, pop, pop rap, rap, southern hip hop, trap music","https://i.scdn.co/image/51d133a97907d8edc7031e5de5e1bc62f9a89ba3",70,7565724,"https://open.spotify.com/artist/0NWbwDZY1VkRqFafuQm6wk","0NWbwDZY1VkRqFafuQm6wk",677964
414,"Michal Menert","CAA","glitch hop","https://i.scdn.co/image/2b9489def22dc91790c378bb84b9fdd8ad354592",41,3388436,"https://open.spotify.com/artist/5JBNcYBpRMPc5oZO6a9MfD","5JBNcYBpRMPc5oZO6a9MfD",18573
415,"Matt DiMona","CAA","vapor soul","https://i.scdn.co/image/adfd86b500a95f499a1a612d55f6c5e677d9e48e",47,9678074,"https://open.spotify.com/artist/1PMiXPKjsgXEDDcfIRNVaq","1PMiXPKjsgXEDDcfIRNVaq",6087
416,"Jonas Blue","CAA","dance pop, edm, pop, tropical house","https://i.scdn.co/image/0373af0dddf650ce68086c3480cb9ea9766bde56",85,8784094,"https://open.spotify.com/artist/1HBjj22wzbscIZ9sEb5dyf","1HBjj22wzbscIZ9sEb5dyf",1326776
417,"Mark Ronson","CAA","dance pop, pop","https://i.scdn.co/image/3471856cca60db3c9bdf84bce102b5356d696b61",82,296466,"https://open.spotify.com/artist/3hv9jJF3adDNsBSIQDqcjp","3hv9jJF3adDNsBSIQDqcjp",439167
418,"Monolink","CAA","deep euro house, deep melodic euro house, tech house","https://i.scdn.co/image/004eea3b0d96f1fa570db14e20162b502e6f368a",53,8286163,"https://open.spotify.com/artist/2I4hRNCYkPKJQlkoEZKjYx","2I4hRNCYkPKJQlkoEZKjYx",31241
419,"Motez","CAA","aussietronica","https://i.scdn.co/image/5ea3b8d87ea743abba9aceb80a929a3619535c1c",48,7111769,"https://open.spotify.com/artist/3SwgftmsT5rVepCSSco3ZR","3SwgftmsT5rVepCSSco3ZR",12512
420,"Mo Kolours","CAA","abstract beats, indie jazz, wonky","https://i.scdn.co/image/18e00d0f243da2d0a23ecd59621d82dd9d89fad6",35,4460623,"https://open.spotify.com/artist/7o9hTqdhcddND3te69BBsk","7o9hTqdhcddND3te69BBsk",9800
421,"Mashrou' Leila","CAA","arab alternative","https://i.scdn.co/image/10d6ca5a4caeecc5ced680923ea0132ffeac9c19",48,4476993,"https://open.spotify.com/artist/2RIrl9cApI8HwM6aF4Jt5m","2RIrl9cApI8HwM6aF4Jt5m",49661
422,"Nicky Romero","CAA","big room, dance pop, deep big room, edm, electro house, house, pop, progressive electro house, progressive house, tropical house","https://i.scdn.co/image/71ed8ae09b7d754d5ff957fd861c46b2b3c1d289",71,3803451,"https://open.spotify.com/artist/5ChF3i92IPZHduM7jN3dpg","5ChF3i92IPZHduM7jN3dpg",1369403
423,"Oberhofer","CAA","brooklyn indie","https://i.scdn.co/image/cd4f7a2d2436143034266a5e44450e3fb13d08a1",42,652197,"https://open.spotify.com/artist/5zb7wVUx1vTXLB6HX26EnX","5zb7wVUx1vTXLB6HX26EnX",33777
424,"Mutemath","CAA","dreamo","https://i.scdn.co/image/c9de0a4831b27d7f405edd0aecc25ff3fa6dfaec",56,524956,"https://open.spotify.com/artist/1J9Z9bhqkgyqseEi85cbyx","1J9Z9bhqkgyqseEi85cbyx",150247
425,"Oliver Heldens","CAA","big room, dance pop, deep groove house, edm, electro house, house, progressive electro house, progressive house, tropical house","https://i.scdn.co/image/e54d63920f658f7a3acc27317489af0486b2252e",71,7776184,"https://open.spotify.com/artist/5nki7yRhxgM509M5ADlN1p","5nki7yRhxgM509M5ADlN1p",656896
426,"Otzeki","CAA","french indietronica","https://i.scdn.co/image/35610f4936d10947b1caec5bc54ef0060d018323",44,8557409,"https://open.spotify.com/artist/6uI2KKGvDh27bByTg5RAeF","6uI2KKGvDh27bByTg5RAeF",11308
427,"Monte Booker","CAA","indie r&b, underground hip hop","https://i.scdn.co/image/da04b6970dbad3055da79edb0f691f38d2eb5abc",54,8668664,"https://open.spotify.com/artist/4p75GTNEXwsAAkpweMVtKo","4p75GTNEXwsAAkpweMVtKo",32243
428,"Pretty Lights","CAA","edm, glitch hop, jam band","https://i.scdn.co/image/ce3d98b2501c6fbc125139797a82d94b2c4ae41b",59,645604,"https://open.spotify.com/artist/4iVhFmG8YCCEHANGeUUS9q","4iVhFmG8YCCEHANGeUUS9q",436188
429,"Owl City","CAA","pop, pop punk, pop rock, post-teen pop","https://i.scdn.co/image/16cfd34449fabdebefffd80ab1e77678f05ffe6c",72,607163,"https://open.spotify.com/artist/07QEuhtrNmmZ0zEcqE9SF6","07QEuhtrNmmZ0zEcqE9SF6",1550362
430,"Paul Kalkbrenner","CAA","german techno, minimal techno, tech house","https://i.scdn.co/image/9a0a9f99aea7bf95b3babc1db665eca7f5ff5c4a",65,525648,"https://open.spotify.com/artist/0rasA5Z5h1ITtHelCpfu9R","0rasA5Z5h1ITtHelCpfu9R",583104
431,"Patrick Baker","CAA","deep tropical house","https://i.scdn.co/image/5020a132c90d7d39b05200a48b61a8ef337ff8d0",51,6011364,"https://open.spotify.com/artist/73PTYegu3D1i5vRERzcBhT","73PTYegu3D1i5vRERzcBhT",3722
432,"Q-Tip","CAA","alternative hip hop, east coast hip hop, hardcore hip hop, hip hop, neo soul, pop rap, southern hip hop","https://i.scdn.co/image/de7804e485499fb93165fb84bb6d655232c561e2",63,411349,"https://open.spotify.com/artist/3ZotbHeyVQKxQCPDJuQ4SU","3ZotbHeyVQKxQCPDJuQ4SU",267280
433,"Radiohead","CAA","alternative rock, art rock, melancholia, modern rock, permanent wave, rock","https://i.scdn.co/image/afcd616e1ef2d2786f47b3b4a8a6aeea24a72adc",79,253846,"https://open.spotify.com/artist/4Z8W4fKeB5YxbusRsdQVPb","4Z8W4fKeB5YxbusRsdQVPb",3570377
434,"Naughty Boy","CAA","dance pop, pop, pop rap, tropical house, uk contemporary r&b","https://i.scdn.co/image/912bac7ba0aa5c776f2fb8566aa738545cb206c3",66,732760,"https://open.spotify.com/artist/1bT7m67vi78r2oqvxrP3X5","1bT7m67vi78r2oqvxrP3X5",218505
435,"New Order","CAA","alternative rock, art rock, britpop, dance rock, electronic, madchester, new romantic, new wave, new wave pop, permanent wave, post-punk, rock, synthpop, uk post-punk","https://i.scdn.co/image/6e08df346690cf07811a55915c44ee9501c4e4fc",68,434538,"https://open.spotify.com/artist/0yNLKJebCb8Aueb54LYya3","0yNLKJebCb8Aueb54LYya3",717782
436,"Purple Disco Machine","CAA","deep house, disco house, house, tropical house","https://i.scdn.co/image/b9b42100dc3c7846ee692f2df38ea9f07ab0dbb3",62,8247433,"https://open.spotify.com/artist/2WBJQGf1bT1kxuoqziH5g4","2WBJQGf1bT1kxuoqziH5g4",45445
437,"Moses Boyd","CAA","british jazz, indie jazz","https://i.scdn.co/image/0d6ef2c04a0c1f5502fa24b0854bb7ecb0730e44",46,8657499,"https://open.spotify.com/artist/1otDUlTEBjcyDQg6CkHRaV","1otDUlTEBjcyDQg6CkHRaV",9560
438,"SNBRN","CAA","deep tropical house, edm, electro house, house, progressive house, tropical house","https://i.scdn.co/image/2134c9c6f968667993b6481919b185bbd6cff66c",55,7343954,"https://open.spotify.com/artist/2zJ8chFLjiBHRNchfevMRI","2zJ8chFLjiBHRNchfevMRI",46749
439,"Sam Gellaitry","CAA","electronic trap, vapor twitch","https://i.scdn.co/image/9f28e5f28864730d2e1ce102a8031ad382a51c9b",46,8333523,"https://open.spotify.com/artist/07UJz804RJxqNvxFXC3h9H","07UJz804RJxqNvxFXC3h9H",46617
440,"Robert DeLong","CAA","indie pop, indietronica, modern alternative rock, modern rock","https://i.scdn.co/image/ccaa5e2084831469f114e83f0772a53002d0a6da",55,1022209,"https://open.spotify.com/artist/42crL07E4WPfVovyUtMpvC","42crL07E4WPfVovyUtMpvC",81864
441,"STS9","CAA","jam band","https://i.scdn.co/image/e89ca28e1f9693f05d9207a5ed8317ffbc000546",46,3557776,"https://open.spotify.com/artist/1eZ4td9oadjw7GkW0LzxNK","1eZ4td9oadjw7GkW0LzxNK",79990
442,"Osunlade","CAA","afro house, chicago house, deep house","https://i.scdn.co/image/ec2f6154bd93b18b3c9ea9cccad088463fb6cf47",41,413079,"https://open.spotify.com/artist/4mHngi71hWNKTRuyl3W9FY","4mHngi71hWNKTRuyl3W9FY",17707
443,"Robin Schulz","CAA","dance pop, deep euro house, deep house, edm, pop, tropical house","https://i.scdn.co/image/d8fbc8947a68af06b78a82e8167bb1864374c96a",81,6083149,"https://open.spotify.com/artist/3t5xRXzsuZmMDkQzgOX35S","3t5xRXzsuZmMDkQzgOX35S",1678899
444,"Scott Quinn","CAA","indie electro-pop","https://i.scdn.co/image/10ed10aeed2b02340c7329ba185acaba5c13ef01",45,9044959,"https://open.spotify.com/artist/0FlBLkbHEvmCMu2X46Ail1","0FlBLkbHEvmCMu2X46Ail1",4908
445,"Sevdaliza","CAA","art pop, electropop, escape room, indie r&b","https://i.scdn.co/image/b586964369eb49b9bb3a785fe92f7aa05b252bf4",54,5195363,"https://open.spotify.com/artist/5MraexJKZDrQYzS98kNwie","5MraexJKZDrQYzS98kNwie",125268
446,"RAC","CAA","alternative dance, chillwave, electropop, indie pop, indie poptimism, indie psych-rock, indietronica, metropopolis, modern rock, nu disco, shimmer pop, vapor soul","https://i.scdn.co/image/a0d268967073ddb6732679ce901449b7a447f86c",64,301329,"https://open.spotify.com/artist/4AGwPDdh1y8hochNzHy5HC","4AGwPDdh1y8hochNzHy5HC",109052
447,"RÜFÜS DU SOL","CAA","alternative dance, aussietronica, deep australian indie, edm, tropical house","https://i.scdn.co/image/d9e14beabb527dbf82580c5cd367adaded33cd64",72,7759619,"https://open.spotify.com/artist/5Pb27ujIyYb33zBqVysBkj","5Pb27ujIyYb33zBqVysBkj",300420
448,"Shaun Frank","CAA","deep big room, edm, tropical pop edm","https://i.scdn.co/image/bd46de18f76639f218072bc4634749ff9badf3b7",59,7832689,"https://open.spotify.com/artist/0BBwlSQvHHtahgYpLj1wJE","0BBwlSQvHHtahgYpLj1wJE",36228
449,"Róisín Murphy","CAA","alternative dance, art pop, chamber psych, dance pop, electroclash, electronic, electropop, indietronica, neo-synthpop, new rave, trip hop","https://i.scdn.co/image/80870334ea640bfc4c756225e71f3eac6f1fa9d3",52,1168629,"https://open.spotify.com/artist/3qwabfaWewpfli7hMNM3O8","3qwabfaWewpfli7hMNM3O8",109482
450,"Roosevelt","CAA","alternative dance, athens indie, chillwave, indie emo, indie poptimism, indie psych-rock, indietronica, nu disco, shiver pop, vapor soul","https://i.scdn.co/image/b69adfb6699afd32d300ccdd4c45d1c73c48553b",61,480134,"https://open.spotify.com/artist/4AQrqVz6BYwy29iMxcGtx7","4AQrqVz6BYwy29iMxcGtx7",79443
451,"Silk City","CAA","edm","https://i.scdn.co/image/451880acb4a647648b78bd23ce0b3294003c4f37",79,444450,"https://open.spotify.com/artist/2X97ZAqRKRMYFIDqtvGgGc","2X97ZAqRKRMYFIDqtvGgGc",15818
452,"3LAU","CAA","big room, brostep, deep big room, edm, electro house, electronic trap, mashup, pop, progressive electro house, progressive house, tropical house, tropical pop edm","https://i.scdn.co/image/858a31c68b3379a0e7e64b81b74e6b3362cdddcd",62,4733488,"https://open.spotify.com/artist/4YLQaW1UU3mrVetC8gNkg5","4YLQaW1UU3mrVetC8gNkg5",227757
453,"Foreign Air","CAA","indie pop, indie poptimism, indietronica, modern alternative rock, modern rock, vapor soul","https://i.scdn.co/image/c8cd16e10e2fdf90f45ad3e3f2756527df3ce1db",61,458149,"https://open.spotify.com/artist/5ApQnMT6oR8eLguf24xb9S","5ApQnMT6oR8eLguf24xb9S",28740
454,"Alex Adair","CAA","deep groove house, deep tropical house, house, tropical house","https://i.scdn.co/image/15183e9f3e2ae72142a1195fe891c7dda35a8517",55,8437553,"https://open.spotify.com/artist/1mrrvBvbrm28iYaPlJ9mG5","1mrrvBvbrm28iYaPlJ9mG5",32624
455,"ANOHNI","CAA","art pop, chamber pop, chamber psych, escape room, experimental pop, indie r&b, metropopolis","https://i.scdn.co/image/6a762535d308d838b08ce35d56cf80eaab786e87",42,8679839,"https://open.spotify.com/artist/6VJZYivuYJGCrPuOAnI7Qo","6VJZYivuYJGCrPuOAnI7Qo",70108
456,"Anton Powers","CAA","deep groove house, disco house, house, tropical house","https://i.scdn.co/image/8e0a25052870c91a2cc193308bf177724ffc6160",59,976144,"https://open.spotify.com/artist/7h7ahzbTkbAFsshWJ7fOrc","7h7ahzbTkbAFsshWJ7fOrc",5875
